office_distance_from_house,bonus_salary_percentage,job_satisfaction,education_level,overtime_hour,company_latitude,company_longitude,gender,churn
8511.0,42.51,1.0,bachelor/diploma,3.4165555692469733,33.30901411309222,-93.33034834047358,0,0
10090.0,57.48,2.0,bachelor/diploma,2.8971490995735194,37.67898264825746,-98.9680969271971,0,0
18652.0,41.22,2.0,bachelor/diploma,3.1802643908000725,37.175891446731036,-77.44281165942165,1,1
13392.0,63.57,3.0,bachelor/diploma,3.429648385259096,44.40808432819421,-85.70329634508505,0,0
13356.0,46.16,2.0,bachelor/diploma,3.8122258862028087,41.45470190207284,-81.40465455217458,1,1
8637.0,45.4,2.0,masters degree,2.957463950711993,34.64635948788193,-95.06668783220249,1,0
10121.0,59.67,5.0,bachelor/diploma,2.166111951784395,48.319347375894395,-79.13918259930641,1,0
6416.0,81.34,2.0,bachelor/diploma,3.7802384726609666,43.25415410555054,-102.25959985657059,1,0
13291.0,69.6,4.0,bachelor/diploma,3.3653012661003663,48.415642703596276,-81.38229099750447,1,0
11873.0,46.46,4.0,masters degree,3.4736178835378992,37.755371002578705,-73.4105234052824,1,0
12401.0,58.66,2.0,masters degree,3.585721760155926,38.517001392576745,-94.62211370802038,1,0
10458.0,70.38,3.0,masters degree,3.5602812785620364,42.9233291896612,-93.72696821305244,0,0
8110.0,35.57,4.0,masters degree,2.530027826420194,45.81401614679874,-89.53980226155646,1,0
10669.0,68.5,3.0,masters degree,3.1790935520472243,45.55316161502191,-88.98362331716991,0,0
14050.0,59.71,2.0,bachelor/diploma,3.6758083674987216,38.503351279945356,-94.25625392580898,1,0
6753.0,61.26,3.0,masters degree,2.7664068778441346,46.91624879315825,-97.7925054479828,0,0
13130.0,58.44,3.0,bachelor/diploma,3.884242788226001,40.039038279336,-76.660048362408,0,0
9424.0,37.46,3.0,bachelor/diploma,1.8322747663619583,50.122431751171476,-79.99066461753597,0,1
10670.0,45.23,3.0,masters degree,3.246844882373522,38.63942547613468,-83.93271717057883,1,0
10199.0,45.33,2.0,bachelor/diploma,2.1486307328526526,44.704527919442604,-84.06172919876141,0,0
4780.0,36.17,3.0,higher education,1.6327919318494786,37.21379864587102,-92.85843988053932,0,0
7654.0,56.0,3.0,bachelor/diploma,3.5451666313549715,49.18954121950536,-88.07014015600609,0,0
8457.0,42.33,3.0,masters degree,2.754794288488549,40.70889794248446,-87.04727527251225,0,0
11895.0,45.32,3.0,masters degree,3.3468306141345603,39.849795365673025,-80.0369629506947,0,0
8228.0,78.65,3.0,bachelor/diploma,3.3956875296280247,46.891080008420566,-97.11954998690912,1,0
22507.0,26.81,2.0,bachelor/diploma,3.5370135229093984,35.887369037493755,-78.65865729786191,1,1
17671.0,51.62,2.0,bachelor/diploma,2.3757232727507764,39.087465091583695,-75.36722646450258,1,1
13625.0,66.51,3.0,bachelor/diploma,2.9822526802555576,44.906436133091965,-83.80671822028407,1,0
10956.0,62.54,3.0,masters degree,3.3950593418412627,42.32922941525093,-89.63065342742779,1,0
7319.0,47.83,2.0,bachelor/diploma,2.6714620614836817,41.87364997193284,-84.90392248869243,1,1
19179.0,18.38,2.0,bachelor/diploma,2.8486465987003293,44.1212839805853,-91.44134615570778,0,1
19043.0,36.65,2.0,bachelor/diploma,3.132340096849941,39.137599361404156,-79.51540618142845,0,1
19604.0,39.78,2.0,bachelor/diploma,3.687358793842791,36.029496478215975,-79.81925865987847,0,1
6494.0,45.49,2.0,masters degree,2.5827901924593633,42.198659028801615,-93.06262873541564,1,0
19726.0,32.23,2.0,bachelor/diploma,2.6543071142600247,43.029455126172984,-77.49246442915864,1,1
13505.0,66.36,3.0,bachelor/diploma,2.5411792840608607,42.89041252506456,-89.24045085462002,1,0
13714.0,65.73,2.0,bachelor/diploma,3.4903279665051903,37.77353284638042,-102.64187846690704,1,0
10305.0,52.06,2.0,masters degree,3.5623523454771884,37.60513969651833,-90.25050333722379,0,0
11207.0,61.33,2.0,bachelor/diploma,2.5284562910865302,43.34333048785192,-85.37615233119818,1,1
10938.0,51.32,2.0,masters degree,3.439602888439598,43.76070365572528,-86.15679646527893,1,1
11644.0,62.35,3.0,bachelor/diploma,2.8077590362722886,44.590164072972364,-87.30501577675194,1,0
6316.0,50.01,2.0,masters degree,3.476703461203281,45.936893198670575,-93.09622050260886,0,0
11030.0,38.84,1.0,masters degree,3.3850473531090803,37.48749051350518,-79.81405382734245,1,1
9078.0,43.88,3.0,bachelor/diploma,3.8070959074764885,47.27415115695147,-89.28714209337927,0,0
15088.0,42.05,2.0,bachelor/diploma,3.297040323122311,39.22783504905532,-82.06719749947212,1,1
12788.0,70.7,4.0,bachelor/diploma,2.265858534105629,43.731561128756844,-89.19625140047272,1,0
10773.0,45.42,3.0,bachelor/diploma,4.313491924220432,42.322511695736,-83.53532270719595,0,1
7322.0,80.98,3.0,masters degree,2.7801244513309884,46.54543366007773,-99.84854875783405,1,0
11515.0,61.57,2.0,bachelor/diploma,3.1145603325529776,37.684985261355095,-102.174422173811,0,0
4589.0,62.79,1.0,bachelor/diploma,4.179411776989826,35.915052504905205,-100.77185915376579,1,0
1875.0,61.77,3.0,bachelor/diploma,2.962558420007581,40.141721693505026,-96.15690738669399,0,0
11737.0,49.82,4.0,bachelor/diploma,1.9047125622133605,42.28239438721359,-86.47113709247647,0,0
7692.0,45.86,4.0,bachelor/diploma,2.3408835842585933,44.7735040498919,-75.14064848280124,0,0
8132.0,55.4,1.0,bachelor/diploma,4.49667665224696,37.69427271160636,-88.19856525174427,0,0
19317.0,20.79,3.0,bachelor/diploma,3.2556322393436408,39.362740524327435,-88.46025755158573,0,1
13598.0,50.6,4.0,masters degree,2.3058913497411098,43.30009997048915,-82.15178240365272,0,0
3703.0,40.14,3.0,higher education,3.1597974646667177,34.028267148438594,-97.34921609789178,1,0
9680.0,60.18,2.0,masters degree,3.914673748844213,39.106064453402475,-92.98979740147374,1,0
2929.0,37.88,3.0,masters degree,3.2195678152996097,38.28682727839575,-78.1650682895023,1,0
9111.0,52.08,3.0,masters degree,3.2035207337576037,42.451136811060316,-95.28614159062217,0,0
10257.0,53.86,3.0,bachelor/diploma,3.384818790102969,42.935986761466786,-88.63535518743994,0,0
9330.0,43.62,3.0,masters degree,3.202679474470834,39.535156630143966,-84.60267534755894,0,0
7613.0,53.38,2.0,masters degree,3.062020202425785,38.59411639978929,-91.29301613026905,0,0
10523.0,46.22,2.0,bachelor/diploma,3.058907597257189,40.368966698352295,-82.86140044676851,1,1
5861.0,71.72,1.0,bachelor/diploma,4.149865348108169,37.39322420117439,-105.95574636428614,0,0
7488.0,57.63,2.0,bachelor/diploma,3.4997186951511976,39.047802889595154,-92.29932200257048,1,0
21954.0,18.68,2.0,bachelor/diploma,2.9862709762851853,40.19059077774003,-76.01317090973956,1,1
11167.0,42.3,3.0,bachelor/diploma,3.4235118906995354,42.49955099925955,-84.35913217235151,0,0
10115.0,51.98,4.0,masters degree,2.8119835595593905,47.76619930957682,-70.4582228270918,1,0
10036.0,43.67,2.0,masters degree,3.431017373280788,41.547805247533276,-83.08459668393479,1,0
7946.0,42.95,3.0,masters degree,3.631389428847184,44.03807386843207,-90.3541058928692,0,0
10778.0,53.0,2.0,masters degree,3.1619506579077727,45.57769784788522,-87.26937957954954,0,1
7207.0,49.13,2.0,masters degree,3.3101346181464555,44.1316878477009,-85.40243050151956,1,1
8387.0,51.72,4.0,bachelor/diploma,2.880246660421344,49.83098212399837,-84.37294355695559,0,0
16009.0,89.28,2.0,bachelor/diploma,3.5995689741682284,45.155441016539996,-105.16480619822677,0,0
11012.0,51.24,2.0,masters degree,3.3971565311067597,43.99142085482684,-84.11945205746858,0,1
12316.0,52.44,3.0,bachelor/diploma,2.243181906889046,47.89028467006745,-77.49410943064996,0,0
10582.0,38.23,1.0,bachelor/diploma,4.156204149699531,39.90644973774077,-81.12986042677841,1,1
11894.0,51.22,3.0,bachelor/diploma,1.7321579602497192,49.395580456653406,-79.00056495027225,0,0
9877.0,62.5,2.0,masters degree,2.3324875425700964,40.76357572535445,-95.38676568138894,1,0
11636.0,37.79,3.0,masters degree,3.095972586529104,37.96904480787583,-80.5099508054472,1,0
10278.0,41.13,4.0,bachelor/diploma,2.444588660391727,44.0620207057465,-88.04527371123228,1,0
9089.0,62.65,3.0,bachelor/diploma,4.11735902729453,44.857145378610966,-79.87724693069497,1,0
6120.0,71.04,3.0,masters degree,3.420831062600204,43.629987381183355,-106.26873058970098,1,0
9049.0,47.96,3.0,bachelor/diploma,2.5133609482299604,40.5605072899597,-85.44195686604074,0,0
9374.0,59.29,2.0,bachelor/diploma,3.608237374879224,43.955294097500975,-83.70433564346781,1,1
7338.0,26.63,2.0,masters degree,3.1517659027321803,45.672572346583614,-77.48590628307099,0,1
10409.0,61.53,3.0,bachelor/diploma,3.049681287073289,43.23966158313199,-87.79723909855127,0,0
13011.0,48.98,3.0,bachelor/diploma,2.75014214101101,42.05012929193753,-77.54037241886023,0,0
10490.0,51.71,2.0,bachelor/diploma,3.3837601491825584,45.14032948213479,-87.4098749940057,0,1
10430.0,72.68,2.0,bachelor/diploma,3.4487287728150338,40.9875552258232,-101.66380707035248,1,0
16348.0,32.45,3.0,bachelor/diploma,2.5932246134627333,41.46005118206251,-89.46568057161146,1,1
13520.0,63.03,4.0,bachelor/diploma,2.7861491561592637,45.75122614077729,-84.9047834313923,0,0
14443.0,49.08,3.0,bachelor/diploma,2.8542260868139167,38.075080138808325,-74.07726766033521,0,0
11662.0,23.22,2.0,bachelor/diploma,2.412699062843084,44.688192074161755,-79.17652922172323,0,1
8372.0,58.9,3.0,masters degree,1.8627097517367692,41.112880664522976,-97.7407232056416,0,0
16872.0,36.8,2.0,bachelor/diploma,3.7675460401963408,41.04774621017523,-82.24433987379567,0,1
8366.0,52.03,3.0,masters degree,3.0098605592834837,41.990090287638175,-83.01427099507238,0,0
7152.0,60.92,4.0,bachelor/diploma,1.9480894451612711,45.26407616654849,-89.10990449105573,1,0
14737.0,88.98,3.0,bachelor/diploma,3.1780208008035062,45.31388607070583,-89.03440085030188,0,0
9160.0,71.62,3.0,bachelor/diploma,3.380538076901464,47.26126182277648,-91.43221608641,1,0
13879.0,36.51,2.0,bachelor/diploma,2.707861626045988,42.62370132421788,-86.48497214623907,0,1
15597.0,53.63,2.0,bachelor/diploma,3.1445371200476964,45.242448581985386,-86.14632777206495,0,1
6350.0,57.75,2.0,masters degree,3.6556113256091054,37.702551509734285,-94.70152423055805,1,0
5486.0,47.4,3.0,masters degree,3.55439801967861,39.751508418268436,-92.42523693410949,1,0
20560.0,9.17,2.0,bachelor/diploma,3.2866157634699835,42.464536499675205,-93.33599786108776,1,1
7816.0,69.75,1.0,masters degree,3.055234513795408,33.2203035327979,-119.32736957587838,1,0
8384.0,47.89,2.0,masters degree,3.431192335490149,45.45870391995387,-93.07856633584205,1,0
9020.0,55.48,2.0,masters degree,4.104808129660993,40.266347070387056,-84.31774232695416,0,0
15024.0,41.39,3.0,bachelor/diploma,2.8730984776467765,44.692263455638866,-82.12086802260106,0,1
3596.0,42.08,1.0,masters degree,3.3317076417637628,43.89799987721304,-80.95098988878676,0,1
10168.0,45.19,2.0,bachelor/diploma,2.4863260810832366,38.91787478756749,-82.1780110547077,1,1
20797.0,56.74,2.0,masters degree,3.5787922924681954,40.060064005209775,-88.42476157009224,1,0
11487.0,55.89,2.0,bachelor/diploma,4.218204420732264,37.862743306118986,-89.87367373449325,0,0
9992.0,67.06,1.0,bachelor/diploma,4.694490311794056,36.04134136518125,-102.35682391756477,1,0
9136.0,43.32,2.0,bachelor/diploma,3.4622371045317326,40.545824562028024,-82.28554884122588,0,1
14998.0,50.04,4.0,bachelor/diploma,3.5490489818050865,40.63052824353473,-83.51581148654391,0,0
7242.0,59.79,2.0,bachelor/diploma,2.4677905811717005,47.001440135845996,-92.31910082628927,1,0
8277.0,59.35,1.0,masters degree,4.704233547403135,38.41844256033876,-89.03464539410635,0,0
10586.0,55.2,2.0,masters degree,3.4503945141328973,44.681205720839635,-85.85924946229892,1,1
8403.0,38.17,4.0,masters degree,3.1622613078943136,39.42037833310536,-86.35545987643559,1,0
14431.0,63.85,4.0,bachelor/diploma,2.8722450897097818,40.10978826469242,-89.01999377074614,0,0
9348.0,53.23,4.0,bachelor/diploma,3.2639812187409447,45.08071827983001,-75.82669471729189,0,0
8439.0,57.45,3.0,bachelor/diploma,2.4963443523645568,45.7107994213247,-90.87132836420746,1,0
11342.0,49.57,3.0,masters degree,2.4320163619795387,38.484239996266346,-80.64936924958647,0,0
14796.0,69.15,3.0,bachelor/diploma,3.266012163852676,41.64551426046749,-89.70369444466519,0,0
12376.0,43.5,3.0,bachelor/diploma,2.3602396605696034,39.63759378149346,-84.47307450885779,0,0
15606.0,67.9,3.0,bachelor/diploma,2.490491740732207,43.95514181520581,-79.3163838298695,0,0
11542.0,59.87,3.0,masters degree,3.738995599469227,39.713756578849896,-94.6482653831673,0,0
8584.0,56.51,3.0,bachelor/diploma,2.190915127834712,44.904450062520844,-93.95062909823895,0,0
8453.0,58.18,2.0,bachelor/diploma,3.8959988485077086,38.90706416897126,-90.8797414139317,0,0
17527.0,50.79,2.0,bachelor/diploma,3.6303484030950015,35.67542680483473,-75.86625061050863,1,1
13094.0,45.64,2.0,masters degree,3.3004866175879504,40.0853090235635,-81.17246938821823,0,1
11305.0,60.86,4.0,bachelor/diploma,3.6333688857773976,46.915528761292194,-88.54502957039792,0,0
7039.0,65.78,3.0,bachelor/diploma,3.0652214816587886,45.36165389028284,-86.56378314563585,1,0
14690.0,45.37,2.0,masters degree,2.686135133962376,37.91628767302754,-80.65687055795783,1,1
16528.0,49.0,1.0,bachelor/diploma,2.4949979145821732,36.621490098372256,-76.77354351754651,0,1
13317.0,53.17,3.0,bachelor/diploma,3.153955382723993,48.232160052696656,-76.63572472644091,0,0
12764.0,56.18,4.0,bachelor/diploma,2.3934509321468598,43.24231799068399,-89.0417203958379,1,0
11545.0,67.83,3.0,masters degree,2.4279173048996867,42.047487242434904,-99.90259519965711,0,0
14915.0,49.97,2.0,bachelor/diploma,2.4108276302349534,41.16424736895173,-85.59152919388738,1,1
8686.0,39.66,3.0,masters degree,3.5421952520053317,38.58331650712962,-86.86805456303192,0,0
24786.0,35.47,2.0,high-school,3.2891428507872087,43.604156592048575,-78.15066364887818,1,1
13460.0,79.21,0.0,masters degree,4.174586443045861,34.78952817082996,-118.94290188782148,0,0
10603.0,64.43,2.0,masters degree,3.9821259756561536,40.61771379993552,-92.55042901217828,0,0
14043.0,52.67,3.0,masters degree,2.9931638580328164,39.73093263651195,-89.10251015600254,1,0
6273.0,56.16,2.0,masters degree,2.5841322523826022,44.661045990328596,-86.96101755735887,0,1
11342.0,57.07,2.0,bachelor/diploma,3.1333645080403785,46.00387401690112,-86.72998575219653,0,1
8333.0,52.69,2.0,masters degree,4.320579231599399,41.480623813620895,-78.0262224588317,1,0
13185.0,39.2,2.0,bachelor/diploma,2.1378504303160786,42.88218612479617,-85.20460197830538,0,1
11378.0,53.97,1.0,bachelor/diploma,3.4564230897841206,34.98797615442318,-99.61358865910697,1,0
14805.0,54.79,2.0,bachelor/diploma,3.2933587112965506,44.556044328151636,-81.39158591890099,0,0
11971.0,48.52,3.0,bachelor/diploma,1.9911575574275675,39.44563306006201,-91.61969276751556,0,0
5780.0,55.57,3.0,masters degree,3.160356439538796,47.86303584699501,-95.84475740553499,1,0
12810.0,45.95,1.0,bachelor/diploma,2.491730074171785,42.61687888293513,-83.86616145600107,1,1
11331.0,47.83,3.0,masters degree,3.0344384846533385,40.49094953056152,-83.47386757398158,1,0
3328.0,39.51,3.0,higher education,3.39554607037316,38.2303137881604,-98.27268939978008,0,0
6046.0,53.44,3.0,masters degree,2.771325525580119,44.042823193109115,-96.72256665416712,1,0
9015.0,57.98,2.0,bachelor/diploma,2.7816191247109834,38.820388340224135,-97.21636132282913,0,0
11992.0,41.28,2.0,bachelor/diploma,3.244282629013544,48.71534349068966,-81.87220367067599,1,1
10123.0,53.18,3.0,masters degree,2.586229803541862,38.660596919554365,-93.9092624941128,0,0
8177.0,40.91,2.0,masters degree,2.7877280880675084,38.9685966852214,-91.66602179609077,0,0
13872.0,43.33,1.0,bachelor/diploma,2.35234761730525,45.45902661086873,-80.20097738297254,1,1
9892.0,80.68,4.0,bachelor/diploma,2.8073347849142403,48.325039805534495,-94.32297774752612,0,0
13601.0,55.64,2.0,masters degree,3.819974427031837,38.957393545075924,-89.3426641789694,0,0
10930.0,66.5,3.0,bachelor/diploma,3.639968313890152,42.92311898502408,-93.87311839873293,0,0
6043.0,54.25,2.0,bachelor/diploma,3.5158572286953644,36.413419159745324,-95.9064397922122,0,0
11685.0,45.77,2.0,bachelor/diploma,3.072714992236279,44.44536573772333,-87.7529256503333,0,0
11307.0,70.03,3.0,bachelor/diploma,2.7781227720348585,42.82031810381848,-94.56664371679165,0,0
7293.0,50.31,3.0,masters degree,3.3346423182349296,41.88255588815868,-97.31640005652882,1,0
9413.0,55.06,3.0,bachelor/diploma,2.2135815423504748,46.42990181136761,-86.1548578320453,0,0
14145.0,47.56,2.0,masters degree,3.1640086587838536,36.970646073880076,-90.2753839976331,0,0
13281.0,56.56,2.0,masters degree,3.615438825203815,36.391130040412435,-97.09627349585554,0,0
8824.0,40.65,1.0,masters degree,3.5700581279580486,40.866177425376655,-80.87095326695129,0,1
8923.0,43.1,1.0,bachelor/diploma,4.219240857521331,42.954324766230144,-82.79411401909067,1,1
20056.0,33.9,3.0,bachelor/diploma,2.4317437832723665,38.12744676555192,-80.03874390172625,1,1
7345.0,67.75,2.0,bachelor/diploma,3.3581123199542318,41.60993556300235,-96.08938239415492,1,0
13397.0,86.08,2.0,bachelor/diploma,2.6477026021006758,45.455409342298495,-90.88598337310991,0,0
9075.0,66.8,3.0,masters degree,3.5748418423239285,43.83423809008497,-88.88469475245839,0,0
13919.0,41.06,2.0,masters degree,3.1569099059133,37.77569504803333,-79.8349988001723,0,1
13599.0,66.14,2.0,masters degree,3.7610264114262635,39.57415945606082,-97.68542103109984,0,0
7054.0,42.6,3.0,bachelor/diploma,2.804030680156957,41.10709864414552,-77.13833090556375,1,0
11613.0,40.92,1.0,bachelor/diploma,3.656835604691111,40.536819203230344,-81.95672089827258,0,1
9651.0,45.68,4.0,masters degree,3.4220655303894687,43.39650307163866,-89.68005649721394,0,0
7778.0,48.72,1.0,masters degree,3.1897592533287855,31.761438721193684,-103.30732233707985,1,0
9093.0,57.71,3.0,bachelor/diploma,2.298277768574036,47.68955514351518,-87.21456109976342,0,0
12937.0,60.19,1.0,bachelor/diploma,3.1546123988930135,45.21453147400892,-81.6174898832788,1,1
9715.0,42.92,4.0,masters degree,2.5960654590302816,42.73719547921478,-75.1069092333209,1,0
3612.0,63.62,2.0,masters degree,2.6146687508321427,50.39430230343352,-88.76159883040354,0,1
9895.0,70.09,3.0,masters degree,2.7912294371112507,44.28787271552914,-94.7832614847758,0,0
6465.0,45.82,4.0,bachelor/diploma,2.449353517677616,45.23457084751129,-73.21266243600346,1,0
9503.0,72.79,1.0,masters degree,4.366436869983182,36.57635806670882,-107.42663308785656,1,0
5135.0,50.99,2.0,masters degree,2.916635555126311,42.04133232158935,-84.28780682248932,1,1
8581.0,43.07,3.0,masters degree,3.0363926661724103,35.890351982981244,-84.78447838230552,0,0
6503.0,72.82,2.0,bachelor/diploma,4.510508073843856,40.89063507869169,-96.26063199180751,1,0
11795.0,55.26,1.0,bachelor/diploma,2.507510226909381,40.96204536977736,-79.55148687293988,0,1
9591.0,77.46,3.0,bachelor/diploma,3.3417313667626702,45.295520330851396,-94.54823411319029,0,0
13879.0,62.33,3.0,bachelor/diploma,3.2647057123114513,45.76233062928433,-84.57183654468515,1,0
8659.0,45.78,3.0,masters degree,3.571334793258826,40.08819729183711,-87.93102726568429,0,0
8458.0,45.3,1.0,bachelor/diploma,4.030562192608933,41.55478639892559,-80.67114329841809,0,1
6512.0,42.72,2.0,masters degree,3.5075569730981155,46.68271587496252,-80.63930280879225,1,1
5728.0,38.41,3.0,masters degree,2.4712845646580406,41.846185755146024,-92.8553278263012,0,0
9993.0,44.64,4.0,masters degree,3.615581314342199,36.283391129253395,-81.66173282337166,1,0
8949.0,50.11,2.0,masters degree,2.600285474711709,41.43144780751373,-86.354595865759,0,1
10687.0,75.93,4.0,masters degree,2.3540727691005445,47.00121202739065,-95.74510832656401,0,0
15404.0,63.99,3.0,bachelor/diploma,3.0333510862257995,46.85528811394329,-78.4887516687613,0,0
11681.0,58.11,3.0,bachelor/diploma,3.0150414968137103,41.18073123530139,-89.93486630800749,0,0
10046.0,33.85,1.0,bachelor/diploma,2.4380866495564857,43.899307429458844,-79.21726914519819,0,1
9979.0,36.85,2.0,masters degree,2.5621723081134684,41.368167234395706,-84.7571907500174,1,0
15478.0,55.38,3.0,bachelor/diploma,3.742352110520692,43.97382386599653,-77.61381983253084,1,0
17219.0,52.3,2.0,bachelor/diploma,3.7875074831504953,35.802500773691506,-94.10537608379394,0,0
18025.0,34.17,2.0,bachelor/diploma,2.854721902999351,40.18168021775597,-83.19404846760649,1,1
15860.0,23.7,1.0,bachelor/diploma,3.308847308276153,43.56383439968895,-90.49672853579344,0,1
11720.0,44.13,3.0,masters degree,2.869680023533665,36.9388276080284,-78.55651791319727,0,0
11443.0,39.87,2.0,bachelor/diploma,2.8190151179253067,44.57635588149592,-83.5774776089003,0,0
13678.0,45.15,3.0,bachelor/diploma,2.2797490744768414,41.69573786001425,-77.67626285336851,1,0
5446.0,36.27,3.0,masters degree,2.2496312539563106,37.81159414007695,-93.5185504889787,1,0
8171.0,50.07,3.0,masters degree,3.825085350406905,38.13206410834661,-102.4075259534934,0,0
11766.0,52.02,2.0,bachelor/diploma,3.5858845384316216,37.273821262652184,-91.05447693272127,0,0
13788.0,70.78,2.0,bachelor/diploma,2.2174618928909267,43.65398391750106,-87.75783436529406,1,0
15347.0,60.51,3.0,masters degree,2.8412665384345765,41.031407627742404,-93.15369624023776,1,0
13415.0,52.2,2.0,masters degree,3.372635359093945,43.661535753176615,-85.3547230492491,0,1
17137.0,73.68,2.0,high-school,3.8794774011416284,47.0175457920224,-78.58621399571699,0,0
10269.0,48.52,2.0,bachelor/diploma,3.4618844665643107,38.68483960644855,-85.20216753600968,0,0
6300.0,53.52,2.0,masters degree,3.7005686727206486,37.558842979440406,-90.8802212844842,1,0
20037.0,28.41,1.0,bachelor/diploma,2.821458008369632,39.2647358708378,-76.11542880537806,0,1
6535.0,59.37,3.0,masters degree,3.262011471371035,40.76157889445766,-91.50114203489531,1,0
12410.0,64.76,1.0,bachelor/diploma,3.97278937858712,37.77750558898529,-99.70360376164773,0,0
10129.0,51.22,2.0,masters degree,2.760069444702882,36.851722072315695,-96.38717071004444,1,0
9918.0,48.28,2.0,masters degree,3.342782808454702,37.98746520100276,-86.85760435098061,1,0
14948.0,52.52,5.0,masters degree,1.8771104008070425,45.84986139461728,-79.72115038734457,0,0
9328.0,61.27,3.0,masters degree,2.5579448523980766,42.03856847976238,-95.62236443465164,0,0
6594.0,48.98,3.0,masters degree,2.7003629059218284,36.924160940811845,-92.6976747233119,1,0
18566.0,83.84,3.0,bachelor/diploma,3.2014475025172513,40.59739667916679,-85.72669342297979,1,0
8262.0,45.97,3.0,masters degree,2.8759436140691803,37.29833157230496,-89.37981224466597,0,0
14124.0,38.29,2.0,bachelor/diploma,2.684185357369195,36.18640724359276,-78.76546176241672,1,1
12424.0,38.76,2.0,bachelor/diploma,3.2064592853546774,38.52647950926216,-81.61451797648856,0,1
12318.0,45.41,3.0,bachelor/diploma,2.2237329597932267,46.75969382615242,-83.62051232721736,1,0
9592.0,60.74,3.0,bachelor/diploma,2.7121527851611757,46.64239380241888,-89.52900322770607,0,0
14577.0,47.21,2.0,bachelor/diploma,2.7304016892820653,38.24069820593368,-77.18719415391244,0,1
5876.0,74.42,2.0,bachelor/diploma,3.5340144955131936,42.636177958341214,-99.06027862017,1,0
11338.0,49.44,1.0,bachelor/diploma,4.164540141288831,41.523946330389094,-82.88564978326994,1,1
7611.0,49.0,2.0,masters degree,1.9399586893145169,43.17615789334177,-88.46125430153751,1,0
12206.0,47.18,4.0,bachelor/diploma,2.995176076911533,42.63607860551539,-78.75400315856058,1,0
14601.0,35.79,1.0,bachelor/diploma,3.3797635585137384,37.557999914855905,-79.01291991038687,0,1
8110.0,40.11,2.0,masters degree,2.867603583666292,39.56327479511003,-89.30617489435993,1,0
7148.0,33.93,3.0,masters degree,1.8129523720996492,38.631437010867494,-89.55487806083491,1,0
16744.0,49.37,3.0,bachelor/diploma,3.3936219075240976,43.7598830035993,-76.72077919668962,0,0
12407.0,71.23,3.0,masters degree,3.9403260588296254,44.33715166393491,-89.3739120386315,0,0
13237.0,60.06,2.0,masters degree,3.7172956070925527,40.48397767029979,-90.45836465274155,1,0
6859.0,40.44,4.0,masters degree,3.0511915854003555,39.84967400498382,-92.4141510927499,1,0
9784.0,50.46,1.0,bachelor/diploma,3.80624535955888,44.68446469761096,-85.20143328790738,0,1
7869.0,48.52,3.0,masters degree,3.2257894741730486,37.23895531791232,-89.04787766897917,0,0
17965.0,42.48,2.0,masters degree,3.238231223767784,40.05854056865654,-81.7939046723417,1,1
4485.0,42.48,3.0,higher education,3.028292814640455,37.511745855068796,-98.27994911241169,1,0
9846.0,51.45,2.0,masters degree,3.3259176098949563,43.24926977924012,-85.10750427454077,1,1
11573.0,78.49,3.0,bachelor/diploma,3.3384368316887816,42.12744051578007,-98.4461597643887,1,0
5189.0,35.79,3.0,masters degree,3.0003570534653865,41.22173007401246,-96.62001444412105,1,0
18694.0,59.62,3.0,high-school,2.527928627106516,42.72886499487783,-73.82502658012216,1,0
10571.0,64.12,3.0,bachelor/diploma,2.6663481586643414,40.62378812834785,-98.80717512486292,0,0
5066.0,73.4,1.0,bachelor/diploma,4.673283339615817,40.745046969221775,-96.53565138107443,1,0
12058.0,34.88,1.0,bachelor/diploma,3.3178428292265982,38.720361779037844,-80.32044194550771,1,1
14102.0,64.68,3.0,masters degree,3.00267804956823,41.33664129093562,-95.80837507740023,0,0
6698.0,69.08,3.0,masters degree,3.1195819856807354,45.317025348217676,-101.40105615438348,0,0
9212.0,69.95,3.0,masters degree,2.8761574499951847,45.62626422457424,-91.21552522605066,1,0
12544.0,34.88,2.0,masters degree,3.852171328580841,35.35528214966596,-79.28037872539488,1,0
12045.0,48.99,2.0,masters degree,3.6144182255205317,38.6639803432417,-84.93897936882091,1,0
6262.0,39.56,3.0,masters degree,2.97841459520391,42.286827957468454,-92.91961178027486,0,0
17729.0,43.12,3.0,bachelor/diploma,2.6040283587749697,43.72688995023989,-72.83357233049703,1,0
11182.0,70.59,4.0,masters degree,1.5914885556646239,45.2668599356922,-98.98581286952783,1,0
4981.0,70.72,2.0,masters degree,3.4438420688946456,39.41838286453022,-103.86047999400101,1,0
6001.0,65.48,2.0,masters degree,3.402224161012181,39.53588900944163,-98.46148535838918,0,0
11027.0,74.44,4.0,bachelor/diploma,3.6128367048309813,48.22288379406229,-84.45729801424895,0,0
11754.0,43.59,3.0,masters degree,1.9561878524283665,32.97271494921266,-78.91586156055816,1,0
11227.0,45.98,3.0,bachelor/diploma,3.4522495867718304,43.40760103588497,-83.63840963801918,0,0
6935.0,72.08,2.0,bachelor/diploma,3.272999874999404,46.3433115989245,-98.6225337958447,0,0
12267.0,17.37,2.0,bachelor/diploma,3.4057921390726893,44.27655027756246,-74.23561020139519,1,1
9438.0,65.15,2.0,masters degree,4.2126412994865685,42.0148498222015,-87.89444817715388,0,0
12670.0,49.2,3.0,masters degree,2.379988098138053,38.036345349859,-81.23822631543669,0,0
10044.0,49.17,2.0,bachelor/diploma,4.768489143314566,37.72224432644687,-80.56680328755192,1,0
10859.0,54.32,2.0,bachelor/diploma,2.765857085037984,44.03955572183745,-78.45808526518957,0,1
13241.0,54.13,4.0,bachelor/diploma,2.654444141051366,42.731589310571366,-80.60079355571358,1,0
10374.0,45.32,2.0,bachelor/diploma,2.3353291517815933,49.14136418241723,-80.32119947448321,1,1
10415.0,60.84,4.0,bachelor/diploma,2.385530309854329,44.603149391402596,-87.5935000153896,0,0
16254.0,53.83,3.0,masters degree,2.9933228613226097,41.946630529545814,-84.95522171332479,0,0
9898.0,35.34,3.0,masters degree,2.163558059415923,43.57992648620366,-89.63430252667891,1,0
10041.0,41.93,3.0,masters degree,1.734660247378761,40.857551249820304,-82.23293457035396,1,0
15607.0,71.07,1.0,bachelor/diploma,3.6787686823666057,37.35151756104764,-107.56648914094222,0,0
10299.0,33.62,1.0,masters degree,3.7300989814900793,38.05129569888851,-77.45942534826423,0,1
6648.0,55.4,3.0,masters degree,2.642020421823541,44.695078481652786,-99.11949698188386,1,0
7734.0,49.3,2.0,bachelor/diploma,2.510815683686396,40.341353664093326,-82.96478060718202,0,1
5892.0,44.11,3.0,masters degree,2.4846135967114447,39.75666719775467,-91.24839719738378,0,0
15771.0,50.12,3.0,bachelor/diploma,3.004909002196813,46.00133493085685,-74.78041899295962,0,0
11503.0,61.39,1.0,masters degree,4.994574983886023,39.71386423524725,-86.62514297774554,1,0
11158.0,49.69,2.0,masters degree,3.0264763154034005,36.9057422153189,-93.13845669755491,1,0
13263.0,54.48,2.0,bachelor/diploma,3.2677445359963864,37.96834514224358,-93.68343369208912,1,0
15166.0,50.46,4.0,bachelor/diploma,2.193577051281689,43.56151610696991,-77.59759882187804,0,0
13164.0,42.56,3.0,bachelor/diploma,1.983792919200825,40.621820757387106,-79.85725927499342,0,0
11409.0,47.24,3.0,masters degree,3.789377367120872,35.143994135001904,-78.99502532916364,1,0
5367.0,38.22,2.0,masters degree,3.4763102558672063,39.85764361342019,-92.74386043989044,0,0
11963.0,52.48,2.0,bachelor/diploma,2.9576029772021784,41.53590406452109,-80.73142506780968,1,1
18626.0,29.79,1.0,bachelor/diploma,2.4510693333989324,39.96679803364727,-86.35734057797039,0,1
13588.0,55.77,2.0,bachelor/diploma,1.9914810821684568,41.99235681381642,-85.93553479806465,0,0
7487.0,46.56,4.0,masters degree,2.3571311492127527,37.795524783077724,-88.65082453472743,0,0
1430.0,42.1,2.0,masters degree,3.6141271535931874,43.75620932088447,-81.38489305120169,0,1
11570.0,54.79,4.0,bachelor/diploma,2.289609815378391,43.119665169391936,-86.33795912296728,1,0
13333.0,62.82,2.0,bachelor/diploma,3.659562139057912,38.804364905460524,-96.9513070460006,0,0
9361.0,47.39,3.0,masters degree,2.754981201006356,40.45289618374295,-84.7035220270438,1,0
9690.0,62.8,3.0,bachelor/diploma,2.1312033420511862,47.078277721543905,-90.22426512190316,0,0
10402.0,45.64,2.0,masters degree,2.440172671730385,38.55075886434179,-82.42289983688283,1,1
17673.0,64.7,2.0,masters degree,2.452704836713664,38.68425627309408,-105.09787537061271,0,0
9727.0,71.66,3.0,bachelor/diploma,2.6167950118673797,41.79957039885359,-102.98899636446487,1,0
17041.0,37.27,2.0,bachelor/diploma,2.197890739997852,39.62125659377071,-85.16397256503214,1,1
16149.0,57.41,3.0,bachelor/diploma,2.899821794219656,38.265999082164,-87.27044384272051,0,0
10494.0,47.15,4.0,bachelor/diploma,2.3121687330714895,42.35055876459621,-81.2299139586611,0,0
9970.0,50.97,2.0,bachelor/diploma,3.8216316349732526,37.516950451610604,-89.14604685984253,1,0
9568.0,46.03,4.0,masters degree,2.8104571424044487,41.54766742817321,-90.0023246622159,0,0
7017.0,57.41,3.0,masters degree,2.817269408577679,40.76964535364775,-91.66374314901485,1,0
5570.0,57.35,3.0,masters degree,2.5943254691334783,43.308135578633575,-86.45387537572023,1,0
7878.0,68.63,2.0,bachelor/diploma,3.0643764237204474,41.33488211317453,-99.19167447823023,0,0
10754.0,53.13,3.0,masters degree,3.820024345340212,37.38871136606339,-81.39817097455828,0,0
7797.0,37.23,4.0,masters degree,3.3235938333885606,41.30976316309045,-91.00867886144349,0,0
10104.0,55.15,3.0,bachelor/diploma,2.837458794854148,41.76490711877404,-87.30611974304401,1,0
8926.0,46.3,2.0,masters degree,3.0394386506152005,41.2418721813559,-82.14510849062692,0,1
14772.0,43.29,2.0,bachelor/diploma,2.856780885462109,47.21773893500955,-83.29062234474523,1,1
14131.0,49.59,2.0,bachelor/diploma,2.69702433248397,38.33748498363724,-77.60470824649363,1,1
13722.0,51.2,3.0,bachelor/diploma,2.83195853357676,39.254128158711545,-78.43268191949299,1,0
4066.0,43.3,4.0,masters degree,2.4944242190335366,47.12774901952997,-93.28090428076212,1,0
12474.0,37.79,3.0,masters degree,2.756642932554317,39.161624558976996,-78.42367743212961,1,0
8437.0,40.09,3.0,masters degree,2.3879177529948596,41.65473346748613,-91.67180049580357,0,0
12374.0,45.76,2.0,bachelor/diploma,3.1785487713068585,40.103054675646526,-83.9462342008138,1,1
9016.0,50.73,2.0,bachelor/diploma,2.8011526159443187,41.86022377570977,-84.85378921529706,0,1
3125.0,63.38,4.0,masters degree,2.774940819704148,45.2727932193965,-86.25645886680245,1,0
15712.0,32.4,1.0,masters degree,3.8426028449563217,37.657023999112646,-80.08157976183564,0,1
12642.0,75.29,2.0,bachelor/diploma,3.4538557217747337,41.158466736942366,-103.81497218799849,1,0
16121.0,20.48,1.0,bachelor/diploma,1.9861965594045932,41.694006806931704,-90.50280531271272,1,1
6459.0,55.1,2.0,bachelor/diploma,3.805140905909476,38.445946726383134,-90.29985373284309,0,0
12442.0,46.03,1.0,masters degree,3.639977396207701,41.766711628587736,-82.9180248755115,1,1
12164.0,54.82,4.0,bachelor/diploma,3.043784047370143,40.89300134478598,-90.1192449743242,0,0
8894.0,63.24,3.0,masters degree,3.9715915968788216,43.114047156204265,-100.71444867205008,1,0
9936.0,66.49,3.0,masters degree,2.3571481247762853,41.682250946318156,-100.54066334029952,1,0
9438.0,48.83,2.0,bachelor/diploma,2.6273002085085824,49.14890504768239,-81.99637696511753,1,0
8066.0,83.74,4.0,bachelor/diploma,2.667257167524277,48.83295834179287,-96.77628647530531,1,0
8868.0,46.78,3.0,masters degree,2.7841745306774808,43.493526844332905,-90.22366370604936,0,0
959.0,64.41,3.0,masters degree,4.442841145526044,44.714501659522774,-111.6269023801041,0,0
6775.0,27.98,0.0,masters degree,4.4611172479099634,34.63931131854589,-76.21930444332367,0,1
11144.0,74.52,2.0,bachelor/diploma,3.786296847286545,40.410165073465926,-103.39080937867568,1,0
14466.0,73.46,1.0,bachelor/diploma,4.105140702072191,37.18533131113,-107.75366603912184,1,0
7951.0,48.66,3.0,masters degree,3.3442249888815616,44.99433591559468,-91.81795995247026,1,0
11621.0,61.38,2.0,masters degree,4.065606246461984,42.175532702828896,-85.45926061610194,1,0
15469.0,60.52,3.0,bachelor/diploma,3.4888632206210475,46.04847472680443,-78.28006475560865,1,0
9263.0,76.1,1.0,bachelor/diploma,4.092369707761057,40.11659218698679,-103.90081710158422,0,0
6563.0,64.9,3.0,bachelor/diploma,3.3535235969826847,48.10541140514907,-93.96398172693056,0,0
13620.0,62.34,4.0,bachelor/diploma,2.802737612212697,38.44508864797497,-91.5891026835211,1,0
13001.0,26.6,1.0,bachelor/diploma,2.63486832536074,43.32324632363638,-88.2721065975791,0,1
16687.0,69.58,4.0,bachelor/diploma,2.544894970721004,46.4182920988367,-90.88520701333138,1,0
12705.0,74.47,3.0,masters degree,3.204385879132932,42.82764716138901,-100.438426020947,0,0
9863.0,58.16,3.0,bachelor/diploma,2.8613611982176046,43.42789661967023,-91.26851171097286,1,0
14956.0,53.81,3.0,bachelor/diploma,2.2010427980973644,40.122248790137725,-78.27043144204329,1,0
5299.0,47.17,4.0,masters degree,2.9256804432423915,49.022209833725704,-90.59435331686329,0,0
6883.0,36.39,1.0,masters degree,3.5672634958176896,39.13764577543615,-78.97121549463783,1,1
14863.0,56.56,2.0,masters degree,3.564270534054089,36.89388770247014,-96.6985734872563,0,0
7671.0,60.16,1.0,masters degree,4.232302955572692,37.966394493887506,-93.11752018578251,0,0
15940.0,64.85,3.0,bachelor/diploma,3.3152872134830336,44.72340697827815,-85.91199108904242,0,0
10291.0,61.7,4.0,bachelor/diploma,2.3294239389755593,44.37377127850007,-89.68072395915331,0,0
17147.0,59.88,2.0,high-school,2.5622985247681718,47.570652016765784,-86.0159015069153,0,1
11140.0,44.56,3.0,masters degree,3.106392487524221,35.355857995193674,-83.87039876186822,0,0
12126.0,45.3,1.0,masters degree,3.773302376436735,41.007818880041434,-81.3828253487843,0,1
15268.0,60.45,3.0,bachelor/diploma,3.1479152132417543,39.43777645414694,-87.29804448569115,0,0
8928.0,58.19,3.0,bachelor/diploma,3.4321646011346925,47.6550169482482,-91.32345894253571,0,0
6817.0,46.1,2.0,bachelor/diploma,3.6158258550418063,45.03059813545303,-85.36250753410336,1,1
9339.0,41.22,2.0,masters degree,2.6798630176748977,36.774993480025,-82.64264771908176,1,0
6182.0,63.98,2.0,bachelor/diploma,3.804379504181502,40.061654598870795,-94.15920612348977,1,0
11490.0,64.92,2.0,masters degree,3.147048552150669,40.31221292435737,-98.13779572536852,0,0
10706.0,41.1,1.0,bachelor/diploma,3.9570743943691946,39.761405544238094,-80.51300422099499,1,1
11015.0,49.27,4.0,bachelor/diploma,3.0688588195938635,45.692292480992,-86.51857509747438,1,0
6652.0,60.8,1.0,bachelor/diploma,4.797144933074703,37.050325935939796,-93.46680469910541,1,0
3867.0,58.79,3.0,masters degree,3.6650331124156974,51.12293452139689,-93.8802559336385,1,0
9637.0,41.54,3.0,bachelor/diploma,2.5687766166086794,45.77772397956827,-88.18378283218928,1,0
10664.0,60.84,3.0,bachelor/diploma,3.040949535511438,43.66678208943882,-92.53908495652315,0,0
6152.0,57.95,2.0,bachelor/diploma,3.2586416901442488,36.87490530456749,-99.00468215996244,1,0
15590.0,42.5,2.0,masters degree,2.926086741423208,38.25318450240358,-81.46307308658234,1,1
20070.0,20.99,2.0,bachelor/diploma,2.307929326377268,42.00600301792368,-91.73447140633749,0,1
9437.0,46.88,2.0,masters degree,3.0607236399793885,39.33961910564192,-82.67069026611216,0,1
6776.0,41.92,2.0,masters degree,2.6283100709614438,37.41439840640965,-80.30550673790962,1,1
8444.0,45.33,2.0,masters degree,3.356670362396992,41.006832201365796,-83.01174058870188,1,1
11729.0,59.33,2.0,bachelor/diploma,3.9224845139920492,39.93695235696436,-89.7005527611142,1,0
14036.0,57.44,3.0,bachelor/diploma,2.7834603500578385,41.71115683930672,-87.25374879169073,1,0
6212.0,43.56,2.0,bachelor/diploma,3.0873495706194243,42.07416207991671,-84.04615650354876,0,1
17408.0,78.95,1.0,bachelor/diploma,4.339075008043684,38.945731187486146,-107.8685921222529,1,0
8164.0,36.99,1.0,masters degree,3.1148917951473987,34.37465713377252,-78.80740516757785,0,1
12287.0,65.45,3.0,bachelor/diploma,2.91915685650515,46.994681631880105,-85.76363864215098,0,0
5009.0,38.29,3.0,masters degree,3.012746268230972,42.84550510672539,-96.45985000308023,1,0
16401.0,51.02,3.0,bachelor/diploma,1.7764651445716533,35.800050940775655,-67.72072220538085,1,0
11056.0,48.77,3.0,masters degree,2.210934453310957,39.89056291031005,-87.40657085464025,0,0
6743.0,52.64,3.0,masters degree,3.456023590341585,45.9391104633125,-95.44708242562609,0,0
12611.0,52.08,2.0,bachelor/diploma,2.6453736283644607,42.42597789008192,-85.27958802351208,1,1
7595.0,72.14,3.0,masters degree,3.369221376954531,44.15284508755345,-99.28178644612792,1,0
9343.0,85.81,3.0,masters degree,2.6764013858417957,45.505901309920894,-106.77670612132351,1,0
9282.0,40.91,2.0,masters degree,2.772725040764428,38.42645295211288,-81.86626293632547,1,1
10573.0,56.85,4.0,masters degree,2.6984508545591814,43.85286100103821,-83.97274407761734,0,0
11349.0,55.68,3.0,bachelor/diploma,2.053401010038284,40.71719218381569,-79.78624917408577,0,1
8007.0,39.04,2.0,bachelor/diploma,3.312602533240933,38.52702214005056,-79.73501433006109,0,1
13943.0,56.79,2.0,bachelor/diploma,3.3987807577246363,38.94007081374422,-76.4476276893453,1,1
8416.0,55.76,3.0,masters degree,2.973792475457876,44.11370554665539,-81.38891078535362,1,0
15493.0,59.78,3.0,high-school,3.2176485961390524,48.42741151951603,-76.32195172000422,0,0
10820.0,81.73,3.0,masters degree,2.711335217742022,45.78903282867527,-102.03145546525116,0,0
15809.0,43.96,3.0,bachelor/diploma,3.546464862257249,41.89912709156374,-82.09314733632962,0,1
5864.0,58.67,3.0,bachelor/diploma,3.3740582052412083,44.22898935435392,-81.84201474917096,1,0
10067.0,35.59,4.0,masters degree,2.4915370729221804,43.549216303748,-85.84159308013949,0,0
15805.0,68.42,1.0,bachelor/diploma,2.698153346316729,43.24471383022813,-85.29568589884748,0,1
11828.0,50.47,3.0,bachelor/diploma,2.308335113397264,40.919116488255185,-82.01899371782372,0,0
12000.0,35.38,4.0,masters degree,2.586957155493607,40.41607479518449,-80.16712783588649,1,0
7923.0,35.69,3.0,masters degree,2.3428828742978145,37.58363187945015,-84.50059279249885,1,0
5628.0,44.02,3.0,masters degree,3.278296489040798,44.048018051156596,-97.08311880912107,1,0
5596.0,76.14,3.0,bachelor/diploma,3.178801100830114,44.196021489824645,-97.7371501435875,1,0
13657.0,57.52,3.0,masters degree,3.2521721028431525,37.215806725294904,-95.02770510819164,1,0
12351.0,60.5,2.0,masters degree,3.740421639550944,38.51968276905173,-94.70515606726828,1,0
8306.0,37.44,3.0,masters degree,2.9596314331375164,34.28635705335973,-87.61771775661299,1,0
11890.0,38.22,4.0,bachelor/diploma,3.370995312319818,41.33968674668633,-82.31090251913291,1,0
9696.0,55.15,2.0,masters degree,2.5365214457380247,42.62012100535725,-85.06774412949139,1,1
7755.0,58.18,5.0,masters degree,1.6640732580360091,46.803192546583325,-83.95351924210888,1,0
6958.0,36.96,3.0,masters degree,2.469786405816907,39.96987374327928,-92.28517752493096,0,0
11468.0,47.17,2.0,bachelor/diploma,3.134780997866105,41.411168922670925,-82.591066855302,0,1
9767.0,47.65,2.0,masters degree,2.4781469372343534,38.8019430479096,-81.53283577653103,0,1
8811.0,77.55,3.0,bachelor/diploma,2.5038273998106892,45.70742500086489,-100.19749154205523,1,0
15280.0,64.84,1.0,bachelor/diploma,4.303635485658294,37.73481098753153,-97.67827657992115,1,0
17363.0,52.76,2.0,bachelor/diploma,3.440982951779844,36.7482466925087,-74.05553776953563,1,1
9758.0,45.93,2.0,bachelor/diploma,2.7523471191951767,41.003788015160104,-83.64050594812637,0,1
8304.0,46.04,2.0,masters degree,3.3430363378135093,43.536191548697566,-84.30424483236068,1,1
10504.0,71.17,3.0,bachelor/diploma,2.6473857898842987,42.830533068983286,-100.25989822248323,0,0
13888.0,32.37,1.0,masters degree,3.977644969494869,35.02444845668391,-77.46466345808281,1,1
6358.0,29.94,0.0,bachelor/diploma,4.560404996481758,38.376210065609,-78.42133451763775,0,1
8413.0,59.79,2.0,masters degree,2.9524896570678916,39.820162083901245,-96.56170941969258,0,0
4386.0,61.58,3.0,masters degree,3.3494722629078058,50.08250379738078,-92.58997281361789,1,0
7733.0,54.7,2.0,bachelor/diploma,3.930656396662551,38.80576940780081,-88.72945877646403,1,0
11363.0,62.6,2.0,masters degree,4.585972766903159,40.07575023567514,-88.884093434585,0,0
11153.0,46.24,2.0,bachelor/diploma,2.4581892327764643,40.93169633601282,-83.12219371677065,0,1
12369.0,54.96,2.0,bachelor/diploma,2.871610245006556,45.32846928659865,-87.41478453662796,0,1
11754.0,41.21,2.0,bachelor/diploma,2.1195379803197896,43.021015353957694,-79.07137454391322,1,1
5214.0,75.3,4.0,bachelor/diploma,2.0353621839590104,47.19293430873521,-97.01751917079349,1,0
10560.0,55.25,2.0,masters degree,2.7601466449719534,44.17205782348476,-85.92991586872313,0,1
9587.0,65.69,3.0,bachelor/diploma,2.9437057299577547,44.35646059113984,-94.7922296143844,0,0
8816.0,62.62,3.0,masters degree,3.488139963769462,41.82291802690321,-90.3026451466119,0,0
6768.0,42.24,2.0,masters degree,2.705796513948445,44.14420899789759,-92.52581787313919,0,0
583.0,42.41,2.0,masters degree,2.1583522218025624,47.26391139925006,-85.90779413064863,0,1
5338.0,57.45,3.0,masters degree,3.5851440947724984,41.61323286093956,-85.3595321774228,1,0
10346.0,67.15,3.0,bachelor/diploma,2.345663976937056,51.93972640458875,-84.75259748067572,1,0
12044.0,5.0,1.0,bachelor/diploma,2.709627085768857,43.361896223072975,-74.32515484110051,0,1
12724.0,61.39,3.0,bachelor/diploma,2.1663513168023303,45.352437740744406,-87.1819510225217,1,0
10735.0,58.49,3.0,bachelor/diploma,2.8529484252419217,48.917605783727744,-83.22611707705995,0,0
12251.0,45.49,3.0,bachelor/diploma,2.4916102595221403,40.88590828529858,-86.97768683565953,0,0
12297.0,68.29,4.0,bachelor/diploma,3.0723939904347297,42.49009493040924,-91.07707243180307,0,0
6352.0,40.32,3.0,higher education,2.8658325164703338,34.65498371802211,-91.10624480210606,0,0
7663.0,57.09,2.0,bachelor/diploma,3.3747309323589567,38.17525488525348,-95.41513873677692,0,0
9406.0,67.68,2.0,bachelor/diploma,4.175717818110039,41.05633272371863,-93.70437766359656,1,0
14426.0,76.38,2.0,bachelor/diploma,3.3859791710857814,42.638455491898476,-101.6861494755944,1,0
10115.0,66.83,3.0,bachelor/diploma,3.0236861050062456,49.95868290757179,-87.77874981216353,0,0
15449.0,45.75,3.0,bachelor/diploma,3.07628180252733,41.5565930000006,-79.32456984683864,0,0
4639.0,41.29,3.0,masters degree,2.6215472861353843,42.293790871753465,-99.67587797915509,1,0
13533.0,20.12,1.0,bachelor/diploma,2.477857736611461,43.463706612290856,-75.67308566354104,1,1
6980.0,52.61,2.0,masters degree,3.2788979605587203,41.607452703175,-81.77010860610132,0,1
15937.0,47.27,2.0,bachelor/diploma,3.1778299908870644,39.59348432806011,-78.27642581715708,0,1
11682.0,57.18,2.0,bachelor/diploma,2.7881768542106222,49.240136910762274,-77.95529242331459,1,0
9924.0,46.89,1.0,masters degree,4.244339139482894,35.011333666128635,-88.8830633910868,1,0
5607.0,45.45,3.0,masters degree,3.330984693954505,45.683956851578124,-94.61935772278362,1,0
15068.0,61.84,4.0,bachelor/diploma,1.8675724044195456,40.14654996187875,-89.54055279362049,0,0
12644.0,42.95,1.0,bachelor/diploma,3.687576608549996,40.8877224030335,-83.2236619323233,0,1
7916.0,41.68,3.0,masters degree,3.3649325774372487,41.81042227674307,-91.09253166766555,0,0
19124.0,38.72,2.0,bachelor/diploma,3.910096186278901,39.106325845493004,-80.92618458658296,0,1
13209.0,69.14,2.0,bachelor/diploma,2.843040849280963,47.351651402444,-85.23654455108728,0,1
14798.0,79.57,2.0,bachelor/diploma,2.3202940523289617,45.8273790906448,-91.6614463243972,0,1
8106.0,52.87,2.0,bachelor/diploma,2.9632222192927697,43.68824936622377,-86.71476567491614,1,1
6315.0,57.05,3.0,masters degree,3.3590667600958937,44.98728687283343,-78.5530238244544,0,0
8590.0,70.06,2.0,bachelor/diploma,4.063840943816048,42.564367687484925,-92.2487351691154,0,0
9274.0,63.32,3.0,bachelor/diploma,2.6624140521465227,42.286175169304414,-94.55231502613243,0,0
16144.0,40.71,2.0,bachelor/diploma,2.214629869472841,45.838164464622594,-79.93206213832046,0,1
15907.0,40.0,2.0,bachelor/diploma,2.904181329327772,38.5578038531016,-81.42281273332912,0,1
17721.0,23.36,1.0,bachelor/diploma,2.444269941073087,40.754966167444586,-89.87528643853636,1,1
9526.0,60.51,3.0,bachelor/diploma,1.7821155226540366,40.94902326375732,-99.4143636766702,0,0
10432.0,50.84,2.0,bachelor/diploma,2.9908181938884333,42.97049069625757,-83.93311174454546,0,1
9161.0,65.2,3.0,masters degree,2.76964326561604,42.425490597769134,-94.77131980860537,1,0
13158.0,47.64,2.0,bachelor/diploma,2.4264324322427324,39.45517670054808,-83.78797353938694,1,1
11962.0,69.27,3.0,bachelor/diploma,2.7409704595312085,44.07821995203764,-95.79754945252505,0,0
14230.0,27.24,1.0,bachelor/diploma,2.51884996763148,46.97471359956853,-79.68004868395623,1,1
15594.0,54.26,1.0,bachelor/diploma,3.15657770364438,37.822969161607226,-76.21484414199826,0,1
19632.0,39.67,1.0,masters degree,3.5600905243614864,38.87284132302303,-79.87185046818924,1,1
11564.0,48.51,3.0,masters degree,2.6809956616218655,38.79439027334425,-89.18481986158838,0,0
12782.0,37.26,3.0,masters degree,2.4751349262855773,39.08746051717148,-79.06266581810036,0,0
10367.0,33.2,3.0,masters degree,3.3409988377604987,38.99559491383585,-83.23631064889443,1,0
9233.0,53.4,2.0,masters degree,2.8226184939253467,45.43513745597961,-86.91052275107502,1,1
3692.0,46.7,3.0,higher education,3.6428139725161457,36.90018083129678,-99.64353245270144,1,0
12724.0,32.6,1.0,masters degree,3.9983734433157747,36.16419430037744,-77.96482322179891,1,1
11484.0,56.48,2.0,masters degree,2.6621509626336106,38.217529686646536,-97.4122408461548,0,0
24614.0,53.83,3.0,high-school,2.20355589292188,39.38584698061443,-66.38546170000001,1,0
9748.0,51.15,3.0,bachelor/diploma,2.4087841444005544,46.59254698934842,-91.54065018331335,0,0
14664.0,41.02,2.0,bachelor/diploma,2.9281381849454395,40.790791786099476,-82.20823294316291,1,1
13976.0,73.57,3.0,bachelor/diploma,2.7252008074052148,42.94397765435114,-89.69354875178259,1,0
12626.0,83.56,1.0,bachelor/diploma,3.435517252801536,37.77532574361736,-119.6462,0,0
10637.0,50.34,3.0,masters degree,3.1038692814675723,40.023657900741036,-95.2818864800029,1,0
5487.0,76.66,3.0,masters degree,2.6157684871137583,45.980009933606794,-104.08322707768579,1,0
12365.0,67.15,2.0,bachelor/diploma,3.1243426509639023,41.697080231920296,-94.58808137816162,0,0
5055.0,50.9,2.0,masters degree,2.741708635042272,43.757526755021246,-84.75574226395567,0,1
16186.0,34.45,2.0,bachelor/diploma,2.466441626021456,42.01020749269158,-82.94903827213882,1,1
10479.0,56.22,3.0,bachelor/diploma,3.2810678956539334,44.697896560356575,-86.74128922511326,1,0
13415.0,61.73,2.0,bachelor/diploma,2.3924284124915136,36.529270590775646,-108.243606553956,1,0
13502.0,70.17,4.0,bachelor/diploma,2.2298492383348485,47.47321930659457,-80.90736192856873,0,0
12997.0,51.7,3.0,bachelor/diploma,2.8835126689776,43.910983071249866,-84.72736269122463,0,0
9516.0,54.59,4.0,masters degree,3.7545494453224886,42.6329280157816,-91.70561060897434,0,0
4525.0,40.92,2.0,masters degree,2.166503518955181,49.32016502068795,-83.06121247451536,0,1
3658.0,52.57,3.0,masters degree,2.5084935796843633,44.942176410670136,-99.63984748817431,1,0
9396.0,73.35,3.0,bachelor/diploma,3.0959826475221397,51.82215631654623,-87.90777826733992,0,0
7456.0,38.98,3.0,masters degree,2.9623551302604736,37.33620193401842,-89.8087115483535,0,0
11043.0,70.54,3.0,bachelor/diploma,2.3863229625079727,41.85680169945195,-103.78166657578785,0,0
9777.0,78.59,3.0,bachelor/diploma,3.647741757229721,48.11704456128962,-88.80589239806903,1,0
14691.0,70.75,2.0,bachelor/diploma,2.143437179334104,44.65642755877247,-86.07851938520048,0,1
13949.0,55.27,3.0,bachelor/diploma,2.9133814353914333,40.770142538068384,-88.55239917511473,1,0
17036.0,46.39,2.0,bachelor/diploma,2.665743616217444,38.255317249145776,-81.57510332162366,0,1
9065.0,57.35,4.0,masters degree,3.22009634795427,41.527726850412066,-96.15907727297865,0,0
14765.0,52.59,3.0,bachelor/diploma,2.7617704173978503,42.68858183938824,-84.20146756388337,0,0
10739.0,35.66,4.0,masters degree,2.8223947078720935,37.734020951297104,-78.81634356495736,1,0
11045.0,66.93,1.0,masters degree,4.35912627952264,36.33094948771886,-102.5754303923025,1,0
15014.0,46.42,3.0,masters degree,1.9624522578799362,39.03168609153062,-83.53843911249405,1,1
10538.0,69.02,3.0,bachelor/diploma,2.819286548744985,46.12428104025525,-89.31083401136055,1,0
7885.0,65.51,3.0,bachelor/diploma,3.53970063456472,46.27660762405543,-95.675793465055,0,0
9238.0,36.13,3.0,masters degree,1.8398181695287328,40.59632998285464,-87.01454069299074,0,0
13837.0,63.89,3.0,bachelor/diploma,2.7720236887926,43.95343355829035,-90.1000360144606,1,0
12751.0,40.37,2.0,bachelor/diploma,2.977177221466384,46.94027043784417,-80.32340058171711,0,1
15642.0,47.36,2.0,bachelor/diploma,3.527644269122346,41.87911755628269,-83.3952245073608,1,1
5239.0,42.35,4.0,masters degree,2.620286902463284,38.08182341221409,-95.32034007174751,1,0
13296.0,49.82,3.0,bachelor/diploma,2.8094860783279256,43.18297927925662,-79.67698808792262,1,0
16001.0,76.23,2.0,masters degree,3.2525597535510133,41.70974329681195,-103.7148965784637,0,0
7018.0,50.02,3.0,bachelor/diploma,2.733027478613747,47.96070880221645,-89.67579913282054,1,0
15919.0,75.4,2.0,masters degree,3.1041315846750512,38.207525992601134,-112.13008265026102,0,0
7112.0,5.42,2.0,masters degree,2.2923008649443197,49.019596904564864,-75.28053244538151,0,1
9286.0,72.64,3.0,masters degree,2.903909466956013,39.817292872083115,-106.39467858657612,0,0
14882.0,57.87,3.0,bachelor/diploma,2.815965703511067,44.2669675242931,-81.06481858532511,0,0
6963.0,43.07,2.0,bachelor/diploma,2.4117613355980776,38.026046664440976,-82.33719942285205,1,1
14918.0,60.54,3.0,bachelor/diploma,3.431649708745109,37.7666567870135,-89.57823832086348,1,0
17402.0,29.59,2.0,bachelor/diploma,2.636094085938763,41.891809900498956,-87.91049062857441,1,1
2041.0,47.85,2.0,masters degree,3.228094619140273,37.16724700188573,-89.59728424047411,0,0
12030.0,63.35,2.0,masters degree,2.636620344542662,39.37278474716796,-101.78697764239948,1,0
11616.0,47.61,3.0,bachelor/diploma,1.8571617066367596,40.12301415715199,-89.90106064987984,1,0
17744.0,44.3,2.0,bachelor/diploma,3.3045293768585515,42.86217328213977,-81.23278245706345,1,1
10898.0,47.26,3.0,bachelor/diploma,2.889555285195892,44.056033721791785,-84.38256191437131,1,0
8818.0,37.57,1.0,bachelor/diploma,3.232921107473585,36.33779903256079,-79.95925393792723,0,1
9021.0,45.39,3.0,masters degree,3.684688557565012,39.15964752566431,-86.14614814415752,1,0
4200.0,44.14,3.0,masters degree,3.391532415247249,41.654343020057844,-100.80842238033978,0,0
7688.0,46.43,3.0,masters degree,3.69870084527329,39.18877479741853,-89.9412688624641,0,0
12997.0,62.02,2.0,masters degree,3.740289873249922,39.91775084093468,-92.89846050961313,1,0
5446.0,51.87,3.0,masters degree,2.914737846508143,39.32922348381413,-93.8360974198369,1,0
12105.0,59.2,2.0,bachelor/diploma,3.5884629057059825,38.59212333139317,-94.42176956316584,1,0
4945.0,58.35,2.0,bachelor/diploma,3.4712782026776297,40.934004665586414,-89.20144000671084,0,0
7782.0,63.17,1.0,bachelor/diploma,1.8979009506791256,49.134276730993214,-86.24600610317927,1,1
8993.0,80.7,2.0,bachelor/diploma,2.8333908779827333,38.16308760525713,-119.06734974139499,0,0
6300.0,41.33,3.0,masters degree,3.6607133693142537,38.87178425612518,-92.43505104267851,1,0
10354.0,34.92,1.0,bachelor/diploma,3.8265420628416384,38.07820421849536,-78.60902879505537,1,1
15011.0,12.15,3.0,bachelor/diploma,1.9182403212028456,44.536987647351644,-74.2999861307068,0,1
6383.0,50.62,2.0,bachelor/diploma,2.758004421744551,42.71008905101968,-85.30249257176783,1,1
11009.0,52.91,4.0,bachelor/diploma,2.048636014159801,47.265853601208036,-82.20157175532971,1,0
6643.0,56.3,3.0,bachelor/diploma,2.917020368035512,49.08724531877456,-91.15314485940262,1,0
18422.0,25.53,2.0,bachelor/diploma,3.2151962144055117,43.01166348572772,-78.77152661002151,1,1
9594.0,40.08,1.0,bachelor/diploma,3.654197007631119,36.80930858226455,-79.37649783685684,0,1
9426.0,46.03,4.0,bachelor/diploma,2.179211223895901,46.5354855119884,-91.9264649963657,0,0
15690.0,48.15,2.0,bachelor/diploma,3.8621228978521738,41.7887088854291,-77.45257283561604,0,0
11398.0,58.16,3.0,bachelor/diploma,2.308180009765736,44.34121078121159,-87.64311359507276,0,1
10244.0,51.19,2.0,bachelor/diploma,2.7002407658093257,42.886819350300776,-86.59357484605036,0,1
4873.0,61.74,4.0,masters degree,3.4438478743292498,46.438634768303366,-78.79945124547197,0,0
5616.0,44.53,4.0,masters degree,2.9220665639711427,40.30305456269698,-94.31724990667027,0,0
6768.0,39.79,3.0,masters degree,2.4281091751055657,44.84161462289358,-94.34779670255148,1,0
10068.0,55.02,2.0,masters degree,3.61265976856722,38.39623702380206,-90.78751964961296,0,0
9131.0,39.15,3.0,masters degree,2.224405538370253,40.756351448180475,-84.74255560832316,1,0
11781.0,63.72,4.0,masters degree,2.4019477343018583,48.155223639914944,-82.02876869826206,1,0
8857.0,54.37,2.0,masters degree,3.9183721567345406,37.14944299702528,-92.05069075854313,1,0
5670.0,60.66,2.0,masters degree,3.7002279022877618,39.7790271190936,-92.15648009734636,1,0
12125.0,48.85,2.0,bachelor/diploma,2.556465805003987,40.78176007644876,-85.05466638644387,0,1
11941.0,51.22,4.0,bachelor/diploma,3.4839064932463586,45.191494714818255,-85.1858972457514,0,0
12352.0,51.84,3.0,masters degree,2.7056903694469754,39.207168668491576,-91.59027195284911,1,0
6501.0,47.11,0.0,masters degree,4.7765729413952345,30.0,-98.0356774937373,1,0
14032.0,62.41,1.0,masters degree,4.138147002802104,35.568813921199656,-101.8997303786037,0,0
16272.0,38.49,2.0,bachelor/diploma,3.5072106493934108,39.92904780197327,-84.27774088435527,0,1
9151.0,54.33,4.0,bachelor/diploma,2.3412938613694707,47.19418250439558,-89.9643106333424,1,0
10014.0,65.62,1.0,bachelor/diploma,3.7355606541062434,37.36066281259736,-102.1706356094439,1,0
6165.0,75.52,3.0,masters degree,2.9892823738858447,42.55588463405573,-102.72144650719879,0,0
11861.0,43.67,2.0,bachelor/diploma,3.191321176955117,43.097885887852776,-85.70980183118532,0,1
10336.0,41.36,5.0,masters degree,2.2816628375255315,39.35218671988905,-79.94198924296633,0,0
9033.0,45.11,2.0,bachelor/diploma,2.0062626842708604,46.70524572007832,-83.41433717732674,1,1
6771.0,39.3,3.0,masters degree,3.5913098197621443,37.68708388372599,-90.188695351012,0,0
9954.0,29.8,2.0,bachelor/diploma,2.058303171073988,43.97147294659344,-78.55256361806367,0,1
8170.0,51.3,3.0,bachelor/diploma,3.1200444304120234,40.85006846069647,-84.8195288565995,0,0
13449.0,75.72,1.0,masters degree,3.9060619496478033,38.31299718228639,-108.2869562148666,0,0
15031.0,50.35,3.0,masters degree,2.3315139408007277,31.218603330644513,-68.75028265334569,1,0
9255.0,43.59,3.0,masters degree,2.4774400457032346,41.26276430928373,-88.56477748524193,1,0
2406.0,54.8,2.0,masters degree,2.608735299957485,47.3309708920656,-84.93425726433254,1,1
8791.0,59.0,3.0,bachelor/diploma,2.7788552642840405,41.049973931149054,-93.4572550416788,1,0
12488.0,67.58,3.0,bachelor/diploma,1.5637981599121709,41.602742257304726,-105.4715518807256,1,0
12926.0,69.7,2.0,bachelor/diploma,4.476652566909743,41.688308225307715,-91.62812566379499,0,0
18389.0,42.8,2.0,bachelor/diploma,3.175522069407488,36.84283825443031,-78.6519309154352,1,1
10936.0,63.97,3.0,bachelor/diploma,3.4612223344833515,42.8988824101136,-94.34801014836614,1,0
7520.0,75.31,3.0,masters degree,2.9027773837048843,45.30489922366664,-96.64510772829719,0,0
14803.0,57.69,2.0,bachelor/diploma,2.85070535954804,38.67706780646711,-77.63034734629703,1,1
8308.0,50.13,3.0,masters degree,2.9482644253350894,41.81719221176508,-91.52655033564426,1,0
15785.0,38.04,3.0,bachelor/diploma,2.3215661094836317,39.666868292396295,-80.11837369528284,1,1
13774.0,50.84,2.0,bachelor/diploma,2.8285104169110995,41.329992471745896,-82.27028616779933,1,1
10217.0,70.93,3.0,masters degree,2.1221885937563667,41.38482367098224,-99.34152967688166,0,0
11794.0,52.39,3.0,bachelor/diploma,2.413900734849166,46.38174119568212,-78.952749211812,1,0
12634.0,46.41,2.0,masters degree,3.5379413556211383,38.68470581779451,-83.27673225647891,0,0
9408.0,39.63,2.0,bachelor/diploma,2.9110112676406925,38.250186055695494,-80.89153225497543,0,1
9345.0,48.55,3.0,masters degree,3.020656652556398,43.03128373724771,-88.54543727590232,0,0
11029.0,79.32,3.0,bachelor/diploma,2.928277955411485,46.81360304216507,-95.93767711064041,0,0
2891.0,71.33,2.0,bachelor/diploma,3.906389637778881,41.53769963964862,-96.96694333212588,1,0
11103.0,40.2,2.0,bachelor/diploma,3.135629576369706,47.465811873687926,-81.04253733241552,0,1
16320.0,70.28,3.0,bachelor/diploma,3.644583619385164,36.87694370734013,-91.58039560429566,0,0
17509.0,42.39,2.0,masters degree,3.3802813018451534,40.54023495226853,-81.55956605254146,1,1
9783.0,56.62,2.0,bachelor/diploma,3.4690934927185912,37.79017621074896,-94.79186768799528,1,0
14436.0,73.01,3.0,bachelor/diploma,2.6117801721617666,38.64668121520722,-94.28259809161881,0,0
8837.0,51.77,3.0,masters degree,3.274662370222696,44.0285297283766,-75.76458286190841,0,0
11702.0,68.76,3.0,bachelor/diploma,3.058062451896978,46.482442784721314,-86.35458658192766,1,0
1004.0,28.92,2.0,masters degree,2.7698676906925397,43.949998970860946,-78.78980447638097,1,1
8855.0,42.41,3.0,masters degree,2.053965973826996,41.159353122634585,-86.97490523364765,0,0
7438.0,68.15,2.0,masters degree,4.1322550674026015,43.27491626955429,-88.66049496207188,1,0
12632.0,42.56,4.0,masters degree,2.8604755189387685,37.852772389585965,-79.41039455471045,0,0
7237.0,70.55,4.0,bachelor/diploma,1.7205766082789529,46.60721676485914,-95.31541680374569,0,0
7264.0,65.48,3.0,bachelor/diploma,2.940610561662212,42.89514837463617,-93.39915713552324,0,0
4453.0,65.18,3.0,masters degree,2.851302863990089,44.337555083611775,-90.09076941837559,0,0
7882.0,42.46,3.0,masters degree,3.2148880710008227,39.037808387470776,-80.17346059434084,0,0
11345.0,44.45,2.0,masters degree,3.4188169393318217,37.49616550484435,-84.74031860547589,0,0
10679.0,68.96,3.0,bachelor/diploma,2.734959655204156,42.957742278606645,-97.37859605469387,1,0
4502.0,36.09,1.0,masters degree,4.205278761550433,34.21887286449288,-81.06105367660379,0,0
16944.0,36.21,2.0,masters degree,2.644875221167232,35.103817857626794,-79.02821588707535,1,1
7387.0,42.39,3.0,masters degree,3.5564188859455093,43.30843069981561,-92.26707266650513,1,0
18916.0,22.68,2.0,bachelor/diploma,3.0758658762726068,42.96848424186992,-87.58147119456864,1,1
12345.0,71.19,3.0,bachelor/diploma,2.622902971706627,42.59778613242503,-93.89826167549208,0,0
9219.0,67.57,3.0,masters degree,3.2703225875302984,42.83305947301157,-93.25381099297012,1,0
18620.0,49.7,2.0,bachelor/diploma,2.8161281628447377,38.02870598522594,-76.60082483466823,1,1
6598.0,55.02,3.0,masters degree,3.040689479036164,46.27301677543539,-94.77539922383612,1,0
13594.0,36.74,1.0,masters degree,4.742498290323298,42.59596526034881,-81.77249988160466,1,1
13145.0,71.67,3.0,masters degree,2.3091450358456482,40.122167367410114,-108.29420126433592,1,0
14946.0,43.46,3.0,bachelor/diploma,3.0799502802361536,41.59661090815821,-74.57314654455172,1,0
8488.0,36.81,3.0,masters degree,3.18987550571624,37.11779923750064,-79.92401474910578,1,0
8180.0,39.76,2.0,masters degree,2.7205277888744788,37.37584529042133,-81.21041229650471,1,1
13769.0,38.34,2.0,bachelor/diploma,3.5561995890936333,43.88988481687049,-79.42726163219727,1,1
3130.0,34.49,3.0,masters degree,3.2735475009350927,41.99526627269107,-98.81562875278306,1,0
7575.0,47.58,2.0,bachelor/diploma,4.009225478087407,39.596109550258774,-79.6498344820792,1,0
13994.0,47.91,4.0,bachelor/diploma,3.000368817506951,38.19103231749865,-74.92793675356154,1,0
9280.0,38.65,3.0,masters degree,2.4200360076338883,40.90463371597152,-87.64494117817816,1,0
10693.0,46.89,2.0,masters degree,4.264315916261995,39.39650535228234,-77.63809017407256,0,0
9193.0,49.72,3.0,masters degree,2.679243216988092,38.0541476541722,-86.16184426214315,0,0
13951.0,38.38,1.0,masters degree,4.088176094883476,40.323561046614905,-80.9403357112797,0,1
12252.0,50.19,3.0,bachelor/diploma,2.5024776871419405,45.07345786039832,-81.67141845542892,0,0
8202.0,38.0,3.0,bachelor/diploma,3.8849744150297294,47.27558219012249,-94.92096608901319,1,0
6964.0,56.64,3.0,bachelor/diploma,3.5238860837695816,44.288403007232716,-79.7893428684013,0,0
10574.0,49.59,3.0,masters degree,2.79603341653866,41.58430236953575,-86.5954836594932,1,0
6448.0,39.38,3.0,masters degree,2.248158725086228,41.98304245865259,-94.97806311437807,1,0
10179.0,68.6,4.0,masters degree,2.6015832439565814,49.090710075776514,-83.02663906016805,0,0
16786.0,70.73,2.0,masters degree,3.4585037469213833,37.614385574231655,-107.7153509759715,1,0
12423.0,60.66,4.0,bachelor/diploma,2.6219441996480084,47.117545893569705,-81.74545852382656,1,0
14756.0,68.43,3.0,bachelor/diploma,3.4316492146667303,41.93794946121546,-86.21006510417996,0,0
12568.0,43.69,2.0,masters degree,2.50278346571701,37.55310791430532,-80.508641806522,1,1
7547.0,71.95,3.0,bachelor/diploma,3.4130214906688923,46.3142875941403,-88.74141320367883,0,0
14435.0,46.11,2.0,bachelor/diploma,3.6753312042458055,45.29132431012272,-82.77349170912755,1,1
11176.0,47.41,2.0,bachelor/diploma,2.651033342166403,43.275388449651395,-84.84633023923159,0,1
12315.0,43.59,2.0,bachelor/diploma,3.164250823699009,45.38938205685111,-81.75482461893367,1,1
20269.0,68.49,4.0,masters degree,2.7222289023001203,45.87948305640074,-89.44700544298452,0,0
9166.0,69.75,3.0,masters degree,2.3684908885895704,41.733369671907,-103.16096405657382,0,0
18152.0,31.08,2.0,bachelor/diploma,2.8800790610802363,44.46437435821393,-77.68310976618127,0,1
7752.0,52.14,2.0,masters degree,2.8398336247293043,45.849219905240574,-92.03972592237943,1,0
13101.0,58.82,2.0,masters degree,3.5654311899743405,41.002827367269454,-88.77582845449675,0,0
7006.0,38.86,3.0,masters degree,3.5215164351768835,41.865616536547535,-92.918939944523,1,0
7091.0,52.61,2.0,bachelor/diploma,2.4574415772481077,50.05676294061694,-86.70136099108869,0,0
4264.0,67.54,4.0,masters degree,3.0267238784476387,42.29822499170223,-108.72238915784295,0,0
14491.0,34.6,3.0,bachelor/diploma,1.456268188067328,41.11852311808497,-80.93786189849624,0,1
8982.0,33.93,1.0,masters degree,3.7877752869242105,37.21550789891698,-78.16717657042491,1,1
10475.0,41.44,3.0,masters degree,1.825008081807538,40.64429088812801,-84.22230732853286,1,0
5025.0,45.31,4.0,masters degree,3.1687328098188683,40.181116853333705,-92.98736708383068,0,0
12058.0,56.96,3.0,masters degree,3.2687293265914072,39.37452494303405,-94.37933314487938,0,0
9153.0,61.72,2.0,bachelor/diploma,3.113952240841797,39.62093645479223,-97.65096342014157,0,0
11094.0,69.39,3.0,bachelor/diploma,1.892289227049457,42.9242483253466,-101.3715673154734,1,0
6795.0,38.5,3.0,masters degree,1.8358635716241982,41.81147922284629,-93.2201430794467,1,0
12763.0,72.37,2.0,masters degree,4.1880135284865565,42.36056142181166,-94.83185572194729,0,0
10422.0,42.81,3.0,bachelor/diploma,3.0513634521015467,38.11775004017474,-83.6543371343588,0,0
8281.0,80.8,3.0,masters degree,3.534262929394459,43.044683433109725,-104.5639496143142,1,0
9722.0,66.66,4.0,bachelor/diploma,3.5454253312975283,46.93521245698248,-90.60029965798066,1,0
10900.0,68.85,3.0,masters degree,2.691612484203474,44.33182343070384,-94.27340956947303,0,0
14619.0,45.54,2.0,masters degree,2.973366507509025,40.242946844298594,-84.25806703761626,0,1
9221.0,56.43,1.0,bachelor/diploma,3.8011233798365485,34.77587796359593,-100.31233752207544,0,0
6749.0,54.36,3.0,bachelor/diploma,2.7556392674156167,48.897062912619454,-92.09562914415814,1,0
6274.0,37.8,2.0,masters degree,2.9698377041857675,36.76332078796815,-81.15897949119082,0,1
14547.0,44.26,2.0,bachelor/diploma,3.005773051173727,40.487214932601105,-77.10323525625478,1,1
21036.0,25.07,2.0,bachelor/diploma,3.133213242153408,38.686593356704776,-83.45158409539819,1,1
12223.0,80.24,1.0,masters degree,3.731717920636004,39.387103615366286,-111.33791129857764,0,0
8391.0,35.93,1.0,bachelor/diploma,4.415874275459547,38.71305586245597,-78.82645630357676,1,1
6224.0,65.32,0.0,bachelor/diploma,4.78819366498909,32.850636002083185,-107.29732972657914,1,0
20416.0,29.94,1.0,bachelor/diploma,3.428568385646308,38.38368667821051,-84.6098824356145,0,1
5744.0,38.51,3.0,masters degree,2.809729472776352,38.320004626330544,-93.82743236002892,1,0
13621.0,45.02,2.0,masters degree,3.213722665857253,41.204178627835816,-83.81041467837744,0,1
10651.0,32.32,2.0,bachelor/diploma,2.9053359257979987,45.414187134077814,-80.9233839922108,0,1
8880.0,48.51,3.0,masters degree,2.581801163449933,44.35895260446845,-90.11838843753057,1,0
9267.0,50.01,2.0,masters degree,3.3901816518387884,41.95062023815979,-86.54554844622915,0,1
16286.0,66.86,3.0,bachelor/diploma,2.8417745544214363,41.568744937880176,-98.30234833576536,0,0
13360.0,41.99,3.0,bachelor/diploma,2.6681718904471894,46.654674990957524,-79.00266595148007,0,0
16251.0,64.69,2.0,bachelor/diploma,4.07857930561572,41.178603727842045,-90.80648856051859,0,0
9629.0,42.89,2.0,bachelor/diploma,2.6259886385856124,37.260378826515826,-81.16570916556516,1,1
13506.0,69.48,2.0,bachelor/diploma,2.4695947379375096,43.57666672012067,-88.35626368116169,1,1
6474.0,46.01,4.0,masters degree,2.727272814444065,43.495224063851346,-93.29724370341795,0,0
5995.0,53.16,3.0,masters degree,2.479365885569207,38.215864951240356,-94.78048059649828,0,0
15430.0,66.67,3.0,bachelor/diploma,3.1851951949872928,40.36052420183876,-89.55336931631564,0,0
7457.0,44.03,3.0,masters degree,2.8516218542300185,44.44148776678579,-91.03058842226065,0,0
14266.0,72.34,2.0,bachelor/diploma,1.9801889290339705,45.92707828568798,-87.20510131930567,0,1
11239.0,66.84,4.0,bachelor/diploma,2.5818560737237854,45.2541471765909,-90.23984516496408,1,0
12094.0,55.54,3.0,bachelor/diploma,3.117476689180315,44.67090362626911,-84.97947404298047,1,0
8966.0,56.94,3.0,masters degree,3.0543175777593565,41.81014115190948,-87.64345022947997,0,0
13818.0,42.71,4.0,bachelor/diploma,2.9350807418112703,42.48482039547272,-82.39004135430292,1,0
10493.0,55.44,3.0,masters degree,2.9364516334115884,42.553660615453474,-85.52788540963654,1,0
14445.0,39.35,2.0,bachelor/diploma,3.2991088562949664,39.80251025632537,-83.89686492942623,0,1
1925.0,30.74,3.0,higher education,2.300019145755341,35.56824064772992,-97.35555058489288,1,0
8677.0,43.96,3.0,masters degree,3.9505292844295754,40.13129748084518,-75.08131671604828,1,0
15899.0,95.7,3.0,high-school,2.1029869357028828,45.7142759163558,-86.1278110829177,0,0
10552.0,50.41,4.0,bachelor/diploma,2.3007775807343798,44.77093032564315,-87.43476477763609,1,0
10282.0,53.98,2.0,masters degree,3.5254879879247607,37.65279106469095,-93.01317743417664,1,0
21138.0,33.42,2.0,bachelor/diploma,3.2127749116617474,37.100839398898536,-79.74937727183665,1,1
13129.0,59.75,3.0,bachelor/diploma,3.0104310735618918,46.30107185549314,-83.23132978107799,0,0
9848.0,44.39,4.0,masters degree,2.683287535946148,42.7462524190782,-86.53140384824749,1,0
7166.0,33.29,3.0,masters degree,3.059000787124754,45.33185900716117,-94.2813199994722,0,0
15179.0,55.97,2.0,bachelor/diploma,2.8189825810867117,45.02838592521361,-87.11721660450388,0,1
9875.0,46.38,3.0,masters degree,2.505774068004269,39.9772642422229,-92.75149537794596,1,0
15111.0,36.95,1.0,bachelor/diploma,3.742811114487093,42.98777851653135,-83.14106422016795,1,1
13576.0,28.87,1.0,bachelor/diploma,3.639255336331674,43.73979738842171,-90.69581561035524,0,1
12584.0,60.11,3.0,masters degree,4.2969535643236805,44.01851189141297,-78.96649768834259,0,0
17061.0,49.91,2.0,bachelor/diploma,3.2542019711202297,39.804176115319954,-77.1332471164788,1,1
11257.0,56.38,2.0,bachelor/diploma,3.9742192871006536,40.132469086940745,-85.69030292812238,0,0
12558.0,38.73,3.0,masters degree,2.1416001457789733,37.0776669718237,-78.15630299499992,1,0
5109.0,15.17,2.0,masters degree,3.0923975260265384,48.160713665583216,-78.36459813890468,0,1
12968.0,39.18,1.0,bachelor/diploma,3.6870779197659136,38.12779339321957,-79.544372962322,1,1
9386.0,41.32,1.0,bachelor/diploma,3.6513383789891902,39.990479212561226,-81.11495044418133,1,1
17819.0,38.43,2.0,bachelor/diploma,2.467711340564154,37.58148556810107,-80.4816472997882,1,1
5222.0,37.37,3.0,higher education,3.8523484413565967,36.8662813496704,-91.56656416117694,0,0
15675.0,77.27,1.0,bachelor/diploma,3.3868304514136374,45.02840051253086,-87.2432141760816,1,1
9678.0,20.7,2.0,masters degree,3.082785442325024,44.59666718044957,-78.57561547588504,0,1
16893.0,67.74,3.0,bachelor/diploma,3.1174818640321518,44.452306259050005,-80.6209620055429,0,0
10670.0,69.12,3.0,masters degree,2.1150370414762625,42.39129428406957,-102.20325987838194,0,0
9652.0,69.63,4.0,bachelor/diploma,2.251472809147029,48.54359170420244,-87.06052459483375,0,0
9635.0,42.78,3.0,masters degree,3.022964305868156,39.83244537556567,-84.62465361496947,0,0
13326.0,49.21,2.0,bachelor/diploma,2.65684554191008,39.634378080911695,-76.14031256021099,0,0
7182.0,65.55,3.0,bachelor/diploma,2.6221353493579613,44.846654231045115,-90.7853588001957,1,0
11572.0,30.89,1.0,bachelor/diploma,3.3399204915279226,34.49810750721789,-77.35632438788116,1,1
9367.0,35.1,2.0,masters degree,3.010393241056912,38.01492741339639,-81.5100613328423,1,1
9999.0,44.46,3.0,masters degree,2.544634166362434,39.38111381157219,-83.4895569092285,1,0
7725.0,51.89,2.0,masters degree,3.1251753354386413,42.936206886751116,-84.80771245750223,0,1
11869.0,53.43,2.0,bachelor/diploma,3.650754619762609,38.959546406615175,-87.58889801272953,0,0
13998.0,51.75,1.0,bachelor/diploma,4.3474269731030315,46.52785403627245,-86.2381376046241,1,1
9614.0,77.64,3.0,bachelor/diploma,3.28549093938688,44.241388402045075,-97.11075502703852,1,0
11292.0,63.92,2.0,masters degree,2.6580844383138142,37.86784208157968,-105.69063171781711,0,0
13819.0,67.33,3.0,bachelor/diploma,1.685677444126939,43.624873367879246,-85.91910981047634,0,0
11711.0,57.33,2.0,bachelor/diploma,3.2031511297455406,35.54818158223133,-101.862404065828,0,0
9044.0,57.82,1.0,bachelor/diploma,3.6990578630474937,36.06481627987849,-99.11229686833396,1,0
12065.0,61.62,2.0,bachelor/diploma,3.5538666194011768,36.933714073336,-100.39482714986934,0,0
3647.0,67.82,4.0,bachelor/diploma,2.2677914399276764,48.787366406222965,-84.80557318037775,1,0
7135.0,58.31,3.0,bachelor/diploma,3.2747212119424987,40.78447485757867,-89.83823437323774,1,0
7785.0,48.09,3.0,masters degree,2.999786724433237,38.51901964000104,-89.41026211825087,0,0
14682.0,30.08,1.0,masters degree,3.6944585415108935,35.87158899469371,-77.37524315401235,0,1
7265.0,32.29,3.0,masters degree,2.4747317179118498,40.655725826582405,-86.63966387116298,0,0
20067.0,28.22,3.0,bachelor/diploma,2.70827305074104,40.16637657099279,-83.70170655446641,0,1
10415.0,60.37,3.0,bachelor/diploma,3.113025211745703,48.01198724999768,-83.73126847942919,1,0
6344.0,72.67,1.0,masters degree,3.8938426956493886,35.25673018918272,-112.87968249593077,0,0
12803.0,64.11,2.0,masters degree,3.828456960559399,39.8162471123338,-94.36226730957485,0,0
17612.0,60.06,3.0,bachelor/diploma,3.3011367489205714,42.511713712862665,-76.11626163035129,0,0
9402.0,45.75,3.0,masters degree,2.195444940313144,33.010298309505444,-78.51401156223052,1,0
12647.0,30.62,2.0,bachelor/diploma,2.7868604480771477,43.583985777933066,-93.64776703209264,1,1
9902.0,27.59,1.0,masters degree,2.798214224418976,43.29093704843624,-81.36255848486441,0,1
11373.0,88.86,4.0,bachelor/diploma,2.080226252985665,41.128455720564794,-106.4231307928835,1,0
11524.0,41.6,2.0,bachelor/diploma,2.1340010585078844,36.29207473315367,-80.80710528051702,0,1
11928.0,75.49,3.0,bachelor/diploma,3.0480106650966983,47.76374984357418,-87.52238148757358,0,0
11039.0,72.19,2.0,masters degree,3.2091082074042605,38.23480007982307,-109.32772949286272,1,0
7710.0,61.45,2.0,masters degree,3.4813319299240195,40.50129161357836,-93.62842217764678,1,0
11743.0,56.24,3.0,masters degree,3.209236701683546,42.17583086534883,-85.45653810947532,1,0
12147.0,27.14,2.0,bachelor/diploma,3.275530683919833,45.13844317310808,-90.24415393246322,0,1
7974.0,39.2,1.0,bachelor/diploma,4.818443905897815,42.60137490201269,-80.61544109145986,1,1
9965.0,81.72,2.0,masters degree,4.1226886046319375,41.557147773996405,-104.81867158523434,0,0
17064.0,55.62,4.0,bachelor/diploma,2.456563594826589,44.884838203304994,-74.40193002971758,1,0
10416.0,48.64,3.0,masters degree,2.7950400750440085,39.356192362580245,-83.45781800332038,1,0
14235.0,52.36,3.0,bachelor/diploma,3.6946488445022942,44.63231163911632,-82.17595370169236,0,0
9154.0,56.87,1.0,bachelor/diploma,3.229167009129359,43.614343464223964,-83.51513881948387,1,1
11236.0,52.44,2.0,bachelor/diploma,3.177633044243561,45.30216142231724,-87.28964689361005,0,1
12771.0,50.98,3.0,bachelor/diploma,3.7628164696284334,39.73610475389655,-79.69980888008484,1,0
10375.0,48.02,3.0,masters degree,3.4941850712671023,41.14133274564793,-79.2293992837928,0,0
10997.0,48.57,2.0,masters degree,3.3241177900989514,41.13923838453392,-83.96576966614113,1,1
4640.0,37.49,2.0,masters degree,3.127368496570815,36.46476935201332,-79.75964548699818,0,1
7553.0,50.97,2.0,bachelor/diploma,3.547039798616844,44.48581670000699,-86.13834723309664,0,1
13262.0,62.67,2.0,bachelor/diploma,3.584012950240586,50.206999650561244,-92.05203715801615,0,1
9345.0,60.78,4.0,bachelor/diploma,2.3565871593234684,47.915059834267865,-86.29962008943008,1,0
9585.0,53.45,2.0,bachelor/diploma,3.951458465068584,39.65302414690628,-85.09046480021456,1,0
10342.0,49.96,1.0,bachelor/diploma,3.31821895370037,33.56756780095695,-99.87275554708206,1,0
6702.0,86.17,2.0,bachelor/diploma,3.0128794438355104,46.075732514507635,-90.95447759792455,1,1
12483.0,53.33,3.0,bachelor/diploma,2.5366083075621804,39.04999647057654,-94.15789597955823,0,0
10519.0,39.51,3.0,bachelor/diploma,2.8449206435103167,48.37042620686646,-85.33618924938621,0,0
19109.0,35.3,1.0,masters degree,3.4813093824481194,37.47662951733992,-78.24531413337148,0,1
7238.0,45.78,1.0,bachelor/diploma,4.500497446918528,33.70295407526453,-89.24069318151432,1,0
3598.0,42.19,4.0,masters degree,3.096987641716165,41.67894421191461,-98.99481584635781,0,0
10975.0,67.93,4.0,masters degree,2.2783216168850924,45.33749969882121,-93.51803318528448,0,0
11334.0,64.78,3.0,bachelor/diploma,2.581818647912696,43.443184196080004,-92.91845929523978,0,0
11600.0,40.11,4.0,bachelor/diploma,3.3418351306386613,46.23784282239515,-85.45010984069027,0,0
15393.0,71.33,2.0,bachelor/diploma,2.9052854192576745,45.25656965255514,-83.76258427940013,1,1
12527.0,78.26,3.0,bachelor/diploma,2.248845326547221,42.17061397450145,-95.79996932945312,0,0
17210.0,62.03,2.0,bachelor/diploma,3.0099977682473167,42.61251168805652,-79.1320426429342,1,0
16654.0,43.45,1.0,masters degree,3.8323108717816585,40.936123767793404,-82.1153413953265,1,1
9416.0,49.96,4.0,masters degree,2.423311650987689,43.247675291720775,-81.32668682727869,1,0
14641.0,47.43,2.0,bachelor/diploma,3.131537854835675,42.46411262316133,-75.42217576680748,1,0
15298.0,45.97,2.0,masters degree,3.125007719839094,32.58307276772278,-72.67857211219932,1,0
10368.0,53.85,3.0,bachelor/diploma,3.4094352415710216,44.740935054052365,-84.01152976433886,0,0
15751.0,63.9,3.0,bachelor/diploma,3.5983174086258947,42.057627700873134,-84.88214949155086,0,0
9400.0,40.95,2.0,masters degree,3.0990111817450265,43.279874265400714,-86.68268294713789,0,0
17143.0,40.85,1.0,bachelor/diploma,3.978809023924625,41.20252789181968,-82.34933876285871,1,1
7309.0,48.95,2.0,masters degree,2.9818984984906267,38.08153414916017,-89.83572341155323,0,0
12582.0,48.5,3.0,masters degree,3.416155826072779,41.56748782039255,-79.19522024945425,0,0
6567.0,37.44,3.0,masters degree,2.56687784237432,37.673727002136985,-89.87699690788399,1,0
15927.0,23.03,2.0,bachelor/diploma,3.5347905722026534,42.737864084703176,-78.10088628753559,0,1
5171.0,36.08,4.0,masters degree,2.1580497946326096,41.69073745857461,-96.64828648131528,1,0
4650.0,69.86,3.0,masters degree,3.2203128841573205,41.95894915354197,-97.57603214284096,0,0
15965.0,41.08,2.0,bachelor/diploma,2.4871280493872825,39.90336221900708,-79.68097233535751,1,1
12664.0,40.89,4.0,masters degree,3.381292672949135,38.207791874528844,-77.43644874678812,0,0
8139.0,65.42,2.0,masters degree,4.00726482712487,39.50488727779761,-95.83169211513872,1,0
7604.0,46.64,3.0,masters degree,2.9064062458744884,40.278973106926884,-83.19648882514178,1,0
15185.0,23.04,2.0,bachelor/diploma,2.6001998483712225,44.0053484773587,-92.81955061157088,0,1
1283.0,57.51,2.0,bachelor/diploma,3.82086279969086,39.812916409634255,-89.0131013455139,1,0
1747.0,37.4,3.0,higher education,4.29585582141088,41.92179791967163,-102.20375700711378,1,0
11309.0,34.14,1.0,masters degree,3.9620229675351633,39.10737278992266,-79.82393771688695,1,1
5820.0,57.13,3.0,bachelor/diploma,3.445292649847632,41.20071494157822,-87.20023692092911,0,0
6240.0,46.2,3.0,masters degree,2.4135091089118204,37.69834276119643,-90.04392566372202,0,0
8285.0,45.65,3.0,masters degree,2.216223854555579,41.41064482997262,-87.98649255862375,1,0
10683.0,65.5,2.0,masters degree,3.7645888333683417,41.03873049314398,-93.35552739203014,0,0
13030.0,48.1,3.0,masters degree,3.082355319925454,39.069184463499276,-85.96499934020297,1,0
17036.0,39.87,2.0,bachelor/diploma,3.6409142046759166,38.94242462340213,-78.89549113964127,0,1
4454.0,44.14,3.0,masters degree,2.4244198606165663,49.5828280094032,-91.04500314826063,1,0
12063.0,49.59,1.0,masters degree,3.9334169852558176,43.69281105727791,-83.2741552967982,1,1
4266.0,42.02,3.0,masters degree,2.3126285037475025,51.20559033170853,-89.52724676223228,1,0
5927.0,62.83,0.0,bachelor/diploma,4.8525654121468,33.46294589489576,-103.58808241743841,0,0
8937.0,39.78,2.0,bachelor/diploma,3.288545740343408,39.562601961249904,-81.89668972846609,1,1
10419.0,42.0,4.0,masters degree,3.0026915116217947,36.32708031618164,-80.12563347319943,1,0
8669.0,61.64,1.0,bachelor/diploma,3.9006679401771005,36.00849632913632,-101.53151949385223,1,0
15192.0,47.16,2.0,bachelor/diploma,2.0970893159894373,37.46360391513167,-80.6670101795797,1,1
12236.0,66.45,2.0,bachelor/diploma,3.883697536318476,40.600520984434404,-95.08902490440587,0,0
13195.0,62.1,1.0,masters degree,3.4182386960023687,33.99689768310451,-109.44187847269428,1,0
4174.0,63.72,2.0,bachelor/diploma,4.36963262490712,42.64635532535036,-84.83688449631573,1,0
11854.0,61.78,2.0,masters degree,3.5408706952347027,38.5781633003096,-97.47836151171572,0,0
8778.0,49.8,2.0,masters degree,3.4133336129244625,42.37096686673022,-90.85711940104902,1,0
2393.0,60.36,3.0,bachelor/diploma,2.9311097916871893,40.909216513624,-93.87108605019749,1,0
11635.0,73.61,1.0,bachelor/diploma,5.0,38.890676092855784,-98.9186965708118,0,0
7762.0,56.97,3.0,masters degree,2.4583144436502966,39.29997068802222,-97.0840995436524,1,0
9803.0,53.24,3.0,bachelor/diploma,2.9640636021522684,39.741779380813114,-89.58379346070406,0,0
10235.0,48.01,2.0,masters degree,2.1443540366345037,32.688652163890445,-81.22178040025265,0,0
11138.0,71.23,5.0,masters degree,1.0000000000000004,49.16341467079759,-94.42470082800179,0,0
12192.0,74.62,2.0,bachelor/diploma,3.4319275616742004,40.56616064380722,-104.42432930642276,0,0
11994.0,50.64,3.0,bachelor/diploma,3.7586281503906296,42.03788782442496,-77.68014123973163,1,0
6403.0,78.45,1.0,masters degree,4.3723810218119885,40.044923096164176,-104.13372971643416,1,0
10685.0,48.66,2.0,masters degree,3.8512706850954683,36.11352080694671,-89.94870164420358,1,0
10456.0,45.85,2.0,masters degree,3.426422648465264,37.877150216938695,-84.55706443696243,1,0
3929.0,46.44,3.0,masters degree,2.8603058228926748,45.76755126424509,-99.00222861425823,0,0
8553.0,71.51,3.0,bachelor/diploma,3.1833820069361582,43.44998819255993,-96.07467940803828,1,0
9911.0,60.89,3.0,masters degree,3.082264448624323,41.32358037015821,-93.15814924367142,0,0
8092.0,69.05,3.0,masters degree,3.1326016186508463,41.86521797538565,-98.06325734271515,1,0
13147.0,52.28,3.0,masters degree,3.8653826352799983,43.25733227160109,-75.75886851152013,0,0
13166.0,62.03,3.0,bachelor/diploma,2.432500816581497,45.01807897010136,-87.80489841877122,1,0
3499.0,38.62,3.0,bachelor/diploma,3.350318275382848,39.99828413622116,-74.25307853395721,1,0
10215.0,41.91,3.0,bachelor/diploma,2.5863452074862296,43.341385550125715,-85.96974507888626,1,0
10501.0,50.26,3.0,masters degree,3.265859226434296,40.195943123556965,-83.70045593020363,1,0
13834.0,37.03,2.0,bachelor/diploma,3.808911898348052,43.07893614808817,-87.81889452075401,0,1
5112.0,38.05,3.0,masters degree,2.817930732222933,38.89714990831972,-93.64728526499462,0,0
11106.0,57.23,2.0,masters degree,3.788776503397768,47.083999532241535,-87.48303922800302,0,1
8424.0,51.01,3.0,masters degree,2.269188298978814,38.06724118962183,-88.87335657558548,1,0
9240.0,85.45,2.0,bachelor/diploma,3.1466776605205693,42.28907949209744,-111.96810371810308,1,0
7490.0,37.93,3.0,masters degree,1.8040962135986511,35.998935204582565,-86.71878971532027,0,0
2059.0,47.97,2.0,masters degree,2.852814151640978,50.29534275718702,-84.87182311190367,1,1
9779.0,67.79,2.0,masters degree,3.8785089709109823,41.87563770710242,-96.41542712121132,1,0
6975.0,42.13,3.0,masters degree,3.3878020786036998,42.67988020570199,-97.4912397283804,0,0
11927.0,41.48,1.0,bachelor/diploma,4.017666858368092,41.565985804219416,-81.94146817273474,1,1
9195.0,49.18,3.0,masters degree,3.199771114840808,38.65584248185128,-85.79013163578558,1,0
6958.0,62.24,1.0,masters degree,2.599158714968407,42.42471662921968,-82.43585380208381,0,1
15567.0,60.14,1.0,masters degree,4.282767440223148,38.0988667820599,-92.75182695215004,1,0
15367.0,64.72,2.0,bachelor/diploma,2.5884492289539094,40.8995835312009,-88.70884765507492,0,0
10044.0,73.84,3.0,masters degree,3.0947223424601344,43.51772434943953,-98.20927286347856,1,0
7602.0,54.9,2.0,bachelor/diploma,2.5575646350269494,43.25880667835564,-86.7024911411468,1,1
10631.0,71.69,2.0,masters degree,3.0053890238939456,39.51813423961707,-106.4956706327108,1,0
8771.0,79.3,3.0,masters degree,4.409957659831262,43.19774209350071,-99.64639906327804,0,0
12546.0,45.17,3.0,bachelor/diploma,3.1860133442806426,43.182275604077404,-83.42257671999958,0,0
7760.0,47.91,3.0,masters degree,1.6985751739110535,39.76833410540099,-90.04570736820526,0,0
15601.0,48.87,3.0,masters degree,2.815375392280621,41.792370022606406,-81.97712476658184,1,0
14251.0,75.08,3.0,masters degree,2.902515385097549,42.57480971975089,-102.89725973415231,0,0
8470.0,48.8,3.0,bachelor/diploma,3.833161966617132,51.376764926394884,-81.7484591370133,0,0
8791.0,55.96,2.0,masters degree,2.477290424466202,41.613498965034644,-79.75597202901638,1,1
16057.0,54.59,2.0,bachelor/diploma,2.4166356827605098,43.18130796860361,-87.40718887333445,0,1
5693.0,36.14,3.0,masters degree,3.4054663657706112,44.92611094922987,-79.46550100350154,0,1
5335.0,48.73,3.0,masters degree,2.6360643515501576,48.04743795030893,-92.6276229218816,0,0
14489.0,57.35,3.0,bachelor/diploma,3.13400335080104,42.91721296350105,-84.44955266509291,0,0
10123.0,52.08,2.0,bachelor/diploma,2.514941486912246,47.75246593436264,-86.87083963703405,1,1
12453.0,40.13,2.0,bachelor/diploma,2.7862846850900707,34.55544867842871,-78.25530106713748,1,1
7091.0,43.6,1.0,bachelor/diploma,4.481431490025009,44.38153106699671,-84.00491303284073,0,1
11396.0,28.29,1.0,bachelor/diploma,4.230993240733908,39.4948539456523,-77.62311909420153,0,1
12602.0,58.44,3.0,bachelor/diploma,1.490399808097968,46.757570140955494,-83.22483010606204,1,0
3189.0,45.47,3.0,higher education,2.9712464961896403,37.97731079293625,-101.22297274190494,0,0
19495.0,31.71,3.0,bachelor/diploma,2.4383508922052486,39.94577012817217,-83.09478556633847,1,1
13327.0,48.95,2.0,bachelor/diploma,3.4028011765676998,39.367619413112585,-78.78045529153313,0,0
10450.0,44.77,2.0,masters degree,3.4243866737805293,39.606493434351655,-83.56953491050312,1,0
14111.0,29.4,2.0,bachelor/diploma,3.057515665570357,43.18036969506665,-86.98802258044243,1,1
4854.0,57.35,3.0,masters degree,1.8357311492653332,44.258179342193365,-105.00583621921078,1,0
9612.0,31.64,4.0,masters degree,2.55303672471372,38.39783959236305,-83.0563480570578,0,0
9767.0,18.69,1.0,bachelor/diploma,2.495035319596889,46.92407306425399,-76.24015040692572,1,1
15573.0,56.4,2.0,bachelor/diploma,3.1899309590119316,39.54552043703278,-91.3624179744539,1,0
12038.0,47.83,3.0,masters degree,3.003352930021165,39.05386306903931,-81.31810921395298,1,0
7907.0,63.26,2.0,bachelor/diploma,4.181173388746522,38.913505001765756,-94.6347006077333,1,0
12410.0,57.83,3.0,masters degree,2.8743605142691604,40.60966986162364,-92.14269714463755,0,0
11511.0,47.84,2.0,bachelor/diploma,3.0893614565626963,44.01578044722761,-85.8522389328473,1,1
8639.0,75.13,1.0,bachelor/diploma,3.4406520656576878,36.847173496990386,-113.81712945635012,1,0
12273.0,46.68,1.0,masters degree,3.71119673004719,42.51390719987327,-83.02236457384541,0,1
10828.0,53.08,3.0,bachelor/diploma,3.2455301671468884,44.73891230387145,-89.37475968277776,1,0
8804.0,58.2,4.0,bachelor/diploma,2.9353428294573733,47.83092489569199,-88.76223370168688,1,0
12567.0,44.49,2.0,bachelor/diploma,2.9630071305123007,37.76551465013312,-80.8651749658991,1,1
7525.0,47.48,2.0,masters degree,2.561266664727788,42.97184915747936,-86.40987331028835,1,1
7268.0,78.79,4.0,bachelor/diploma,3.4140551602186946,48.82139439597962,-98.88276088927459,0,0
10111.0,57.82,3.0,masters degree,2.878633324325332,41.176360539317024,-91.19167619377909,0,0
7687.0,52.55,3.0,masters degree,3.631978792613741,45.39345334138771,-92.45939971182524,1,0
9774.0,17.51,2.0,bachelor/diploma,3.9081630022115914,45.09268527194309,-75.82069456610506,1,1
13017.0,42.34,2.0,bachelor/diploma,2.7930188033061443,41.054107855589415,-78.01040035439166,0,0
9431.0,57.11,2.0,bachelor/diploma,2.120654663472417,48.73645506633033,-84.59448003228728,1,0
7897.0,42.16,4.0,masters degree,3.2569070198445362,43.482272165760385,-90.19953120371706,0,0
16295.0,56.18,3.0,bachelor/diploma,3.792824930146547,36.66359226753536,-77.7902316496687,0,1
12110.0,53.03,2.0,masters degree,3.5524351411930493,38.63254634580778,-79.89617057925301,1,0
2996.0,43.46,3.0,bachelor/diploma,3.1509278436144417,53.4881357515287,-88.41778341686634,1,0
9134.0,41.54,2.0,masters degree,3.4042577085515244,40.63418032350899,-82.4163214726608,1,1
11105.0,50.59,4.0,masters degree,2.4390469663610594,39.01649214437699,-94.34869097303064,0,0
7413.0,42.5,1.0,bachelor/diploma,4.292940537737142,42.60844693226528,-82.85947221900102,0,1
14095.0,65.12,1.0,masters degree,4.2393179622943835,33.86109054814571,-107.14206042991286,1,0
11347.0,44.8,3.0,masters degree,3.5657898667736765,38.68680515726166,-82.62931998467488,1,0
8555.0,41.03,2.0,masters degree,3.140933904487901,37.33791338571651,-79.63124120564429,0,1
11872.0,51.88,3.0,masters degree,3.1221845912888835,42.08456265956136,-81.90491674099042,0,0
12439.0,32.84,1.0,masters degree,3.5856337579734014,35.893515851951925,-76.10134149748058,0,1
3439.0,42.11,2.0,masters degree,2.5204898893751944,41.370073249635546,-82.01947758151832,1,1
15584.0,33.65,1.0,bachelor/diploma,3.508927899582273,41.28562041182638,-88.8174009674091,0,1
16034.0,56.86,4.0,high-school,3.1405809710663664,46.81016537256721,-74.79852316806173,1,0
13815.0,62.05,0.0,bachelor/diploma,4.41180663959426,33.436408442688546,-105.28710171779512,1,0
13305.0,68.53,3.0,bachelor/diploma,2.8041836296481137,44.12398157474343,-86.63019839233708,0,0
3448.0,53.28,4.0,bachelor/diploma,3.1082268924779046,55.14,-87.65512025097439,0,0
6495.0,40.01,3.0,bachelor/diploma,3.295638407332752,37.753345333440706,-80.58974610686748,1,0
10507.0,56.13,4.0,bachelor/diploma,2.6543511482726614,42.512915856492675,-91.52785581116319,0,0
11016.0,67.75,1.0,bachelor/diploma,4.070576715545339,40.061453496901656,-75.49442835150028,0,1
10933.0,71.6,3.0,bachelor/diploma,3.2322620840947205,45.613822619002406,-90.55161173434746,0,0
7757.0,42.27,1.0,masters degree,3.4907744160058987,41.11031022714247,-83.06408980717879,0,1
17417.0,40.79,2.0,bachelor/diploma,2.537816025031965,39.77569888869795,-83.05445876071144,1,1
9220.0,35.93,2.0,masters degree,2.8097522740104743,36.0688898301236,-78.93500890492732,1,1
3658.0,61.97,3.0,bachelor/diploma,2.9751539512999914,41.391544439169685,-93.56870837220958,1,0
10873.0,50.85,3.0,masters degree,2.9226660829024134,40.77189859449222,-83.8798139516419,1,0
8582.0,38.39,3.0,masters degree,2.4120839471237323,45.110281777389574,-89.54738123800196,1,0
7167.0,30.36,1.0,masters degree,4.393580233277812,36.81925154976964,-76.16450335081093,1,1
8553.0,37.85,3.0,masters degree,2.5942452077201263,38.34336075635088,-87.62637833710745,1,0
18870.0,59.03,5.0,bachelor/diploma,2.2751807205761834,48.06558363347618,-78.0115444100163,1,0
8729.0,62.99,4.0,bachelor/diploma,2.56415558656763,45.763292051737345,-86.00706244800034,0,0
5064.0,44.91,3.0,masters degree,3.120781434191548,38.51957797876649,-95.01026580772124,1,0
3297.0,44.29,3.0,masters degree,2.7180881149069065,42.20489708866594,-100.53374045959958,0,0
11470.0,52.98,2.0,bachelor/diploma,2.7849546270689918,46.48004062845769,-83.43690596725934,1,1
6182.0,53.92,3.0,bachelor/diploma,2.199570489254598,42.203463278295686,-88.00204985257862,0,1
11621.0,34.18,3.0,masters degree,3.667826254161741,33.31063052426893,-76.94173169125277,0,0
6058.0,66.58,2.0,masters degree,2.9642989816095136,40.49232129093885,-99.88913782068992,0,0
9324.0,68.17,2.0,masters degree,3.5385401194742037,38.16299976306739,-103.95515375957191,1,0
3796.0,44.49,2.0,masters degree,2.499793907936889,46.25056047402846,-83.34095070735897,0,1
14293.0,68.05,3.0,bachelor/diploma,3.675505648370293,42.73415325147576,-87.33406482647591,1,0
12377.0,43.73,2.0,bachelor/diploma,2.664047071152814,46.86781560183362,-84.88966307258238,1,1
8748.0,39.46,2.0,masters degree,2.6253714216342594,36.3275382209669,-88.40951794052441,1,0
8482.0,73.92,2.0,bachelor/diploma,2.893490036976345,41.252281795688454,-106.47879723917214,1,0
13257.0,68.74,3.0,bachelor/diploma,2.7088880040785783,47.79949464045576,-84.70314224984544,0,0
7376.0,52.67,2.0,bachelor/diploma,3.2477502205153908,43.0651625728684,-85.78293167358409,1,1
7330.0,38.25,3.0,masters degree,2.7041820536745864,38.76537615583547,-89.64279905601751,0,0
13435.0,45.64,3.0,bachelor/diploma,3.0792836187506896,42.95218824316322,-77.33869527507612,0,0
15168.0,47.86,3.0,bachelor/diploma,3.7526600428922348,41.14126916758885,-77.44391400057701,1,0
11714.0,43.76,3.0,bachelor/diploma,2.8484419849575024,43.28078596423934,-79.1054195906118,0,0
10493.0,76.4,3.0,masters degree,2.834422600595752,45.158060611882675,-98.56552617159383,1,0
12560.0,46.06,2.0,masters degree,3.243909179365266,37.82769307941902,-76.43408901418341,0,0
11219.0,64.21,2.0,bachelor/diploma,3.590714720513858,47.507108122131264,-84.79591664482562,1,1
8365.0,24.26,2.0,bachelor/diploma,2.7657396079414855,47.60385451347271,-76.29046143795196,0,1
8881.0,18.61,1.0,masters degree,2.1441982603232157,45.57034570536267,-76.7387118043138,1,1
12922.0,49.26,2.0,bachelor/diploma,2.8892263661489155,46.147443902015326,-82.38171407378509,0,1
10727.0,68.05,2.0,masters degree,3.8897285914317994,40.03952160821556,-98.30744911544365,1,0
16295.0,43.01,3.0,bachelor/diploma,3.4460790966957155,39.155163070863026,-72.27967189457473,1,0
8531.0,44.04,4.0,masters degree,3.053550132092928,44.297413142226745,-88.0818366973975,1,0
12890.0,55.87,2.0,bachelor/diploma,3.1540744533859715,46.02808586078433,-86.6793462321998,0,1
22388.0,57.51,3.0,bachelor/diploma,2.855961668645059,41.89065823972877,-88.93090516020678,0,0
12238.0,39.47,2.0,bachelor/diploma,3.3512191291767555,38.092110193459604,-79.3798769561605,0,1
8582.0,37.95,2.0,masters degree,3.80573595589966,35.689655754521155,-80.9887628053603,0,0
6751.0,34.7,2.0,masters degree,2.2465100605923163,33.354755723708536,-78.77540925133138,1,1
10417.0,37.87,3.0,masters degree,2.5625701510449708,40.809419679781406,-81.3162283856472,1,0
5461.0,35.81,3.0,masters degree,2.6803655858208124,42.306200647194636,-94.94177923930808,1,0
11185.0,50.52,2.0,higher education,2.419368642252397,42.26005861026519,-86.0243877882793,0,1
8701.0,55.25,3.0,masters degree,2.6277340090757084,39.08041026875824,-94.7716811087345,0,0
16705.0,50.08,1.0,bachelor/diploma,4.20543004932144,47.00278896799418,-86.16655504765232,0,1
6800.0,49.64,2.0,masters degree,2.1508629022319647,40.16983464376784,-85.14212849282833,0,1
9774.0,45.38,4.0,masters degree,1.8624358564303136,43.497974984345596,-78.84672280258036,1,0
14703.0,77.4,3.0,bachelor/diploma,2.7613314325178218,38.291526590674756,-96.87650384435018,0,0
12933.0,74.56,2.0,bachelor/diploma,3.3463311177562947,41.88360689537927,-87.33155151567287,1,1
10530.0,33.34,3.0,bachelor/diploma,2.4335784147536565,44.69766211454553,-83.35312767546229,1,0
8839.0,48.22,4.0,masters degree,3.26030785477124,44.1535199092937,-72.49433457140799,1,0
16790.0,42.77,2.0,bachelor/diploma,3.160715918792332,37.94317107811697,-80.06778543543766,1,1
7038.0,56.25,3.0,bachelor/diploma,2.9074604914601707,52.8280200055316,-85.1650355200187,0,0
13364.0,65.15,2.0,masters degree,4.083862654553739,41.526828068267655,-90.78036549952014,0,0
19504.0,71.29,2.0,masters degree,3.6390915108749233,42.694612848785155,-95.14789253737742,0,0
9329.0,63.98,1.0,masters degree,3.8031553555318434,36.59632934207245,-102.37481078874993,0,0
14898.0,68.75,2.0,masters degree,2.9130823537549446,39.010068372503056,-106.378685605799,0,0
7008.0,47.18,1.0,bachelor/diploma,3.7343123805969487,41.95434919649597,-82.24544446012649,1,1
12902.0,64.47,3.0,masters degree,3.315321733807105,45.25552152400528,-84.51797942560388,1,0
8044.0,68.89,3.0,masters degree,3.261832647778824,42.69312394222767,-95.49504183933784,0,0
11889.0,40.43,1.0,bachelor/diploma,3.7697906784849753,39.359704849633154,-80.57876433046816,1,1
15386.0,23.86,2.0,bachelor/diploma,3.0393725641032754,41.28444362228697,-87.3016810272211,0,1
8043.0,49.33,2.0,masters degree,2.947170370745706,36.30454522622149,-94.98365401632631,0,0
12394.0,43.63,2.0,masters degree,3.205541259379808,37.156934142512576,-85.47616719170945,1,0
4917.0,73.09,2.0,masters degree,3.4374235255050856,38.35258752807621,-108.63611748600961,0,0
2668.0,48.77,4.0,bachelor/diploma,1.8841412868412628,43.035094479295644,-83.28652398871782,0,0
9687.0,41.41,4.0,masters degree,2.599228330133494,42.32951682852506,-86.57701099022871,1,0
16110.0,64.97,3.0,bachelor/diploma,3.0859082678066745,41.90669549046885,-83.67148678253136,1,0
4230.0,32.34,2.0,masters degree,2.5538297367445204,41.055803609741794,-79.02494916764195,0,1
13008.0,54.85,3.0,bachelor/diploma,3.493924139428048,40.85033947203329,-86.13588228956031,1,0
8534.0,46.31,4.0,masters degree,3.045205076697186,43.4081577937755,-89.53430223488873,1,0
10425.0,65.21,2.0,bachelor/diploma,3.25654150801411,40.04313721756119,-97.76931699093956,1,0
13581.0,48.24,2.0,bachelor/diploma,2.3690428433714343,39.870286227713535,-78.24701916322778,1,1
14776.0,57.74,2.0,bachelor/diploma,3.030431288286116,45.25271987148353,-85.49138476926946,1,1
20218.0,12.89,2.0,bachelor/diploma,3.2147687864782024,39.811514223441506,-90.2784063643677,0,1
11144.0,63.81,2.0,bachelor/diploma,3.513026539276352,39.278051469058816,-97.57814930638466,1,0
14265.0,43.72,1.0,bachelor/diploma,3.665779631962097,42.134474576904566,-83.78086719149067,0,1
12519.0,59.11,3.0,masters degree,2.8791017050992727,40.930834862461815,-91.82983486802765,1,0
12403.0,71.02,2.0,bachelor/diploma,3.3708558361228107,41.067178950100896,-100.73850502512244,1,0
14480.0,34.52,1.0,bachelor/diploma,3.8698629010545016,37.513876673698476,-78.57872443862097,0,1
12972.0,73.9,2.0,bachelor/diploma,2.661765427173949,44.07008657345083,-91.30567543761404,0,0
7881.0,37.09,2.0,masters degree,2.518951913581561,33.18872658858245,-79.07890082440457,0,1
12003.0,66.86,1.0,masters degree,4.882590691910421,39.20836419240961,-93.53205866544052,0,0
9843.0,52.03,2.0,masters degree,3.829853359932332,37.37692107124572,-90.19313425322584,0,0
16330.0,54.31,3.0,bachelor/diploma,4.102751907779531,38.25367050175189,-87.3518227680312,1,0
